gender,name
F,Aabirah
F,Aaditi
F,Aaira
F,Aaish
F,Aakriti
F,Aalia
F,Aaliya
F,Aaliyah
F,Aalyiah
F,Aamna
F,Aarica
F,Aarohi
F,Aarushi
F,Aarvi
F,Aashvi
F,Aatika
F,Aayat
F,Aayushi
F,Abby
F,Abbygaëlle
F,Abeedha
F,Abeeha
F,Abhinaya
F,Abigael
F,Abigail
F,Abimaela
F,Abrayene
F,Abril
F,Abrish
F,Acácia
F,Acakarein
F,Achia
F,Acricia
F,Açucena
F,Ada
F,Adalbmira
F,Adalgiza
F,Adália
F,Adama
F,Adan
F,Adanna
F,Addis
F,Adel
F,Adelaide
F,Adele
F,Adélia
F,Adelina
F,Adelle
F,Adely
F,Adelyna
F,Adeya
F,Adiane
F,Adília
F,Aditi
F,Adja
F,Adje
F,Adla
F,Adriana
F,Adriane
F,Adrianna
F,Adriela
F,Adriele
F,Adrielle
F,Adrielly
F,Adriely
F,Adris
F,Adryelle
F,Adymara
F,Afonsa
F,Afonsina
F,Áfrika
F,Agashti
F,Agata
F,Ágata
F,Agatha
F,Ágatha
F,Aglaya
F,Agnes
F,Agnia
F,Águeda
F,Aguinalda
F,Agustina
F,Ahana
F,Ahinara
F,Aicha
F,Aida
F,Aidin
F,Aihra
F,Aíko
F,Aila
F,Ailine
F,Ailla
F,Aimara
F,Aimee
F,Aina
F,Ainara
F,Ainhoa
F,Aini
F,Ainny
F,Ainoa
F,Ainoah
F,Aisha
F,Aísha
F,Aishleen
F,Aishwarya
F,Aissa
F,Aissatá
F,Aissatou
F,Aïssatou
F,Aissatu
F,Aitana
F,Aixa
F,Aiyane
F,Aiza
F,Aizah
F,Ajwa
F,Akira
F,Aksinia
F,Akyra
F,Alafair
F,Alaia
F,Alaïa
F,Alaíde
F,Alaina
F,Alaísse
F,Alana
F,Alania
F,Alanis
F,Alanna
F,Alannah
F,Alanya
F,Alaysha
F,Alaziana
F,Alba
F,Alberta
F,Albertina
F,Alciany
F,Alcidia
F,Alcione
F,Alcíone
F,Álcya
F,Alda
F,Aldaísa
F,Aldara
F,Aldina
F,Aldry
F,Aleena
F,Aleesha
F,Aleesyiah
F,Aleeza
F,Aleisa
F,Alejandra
F,Aleksandra
F,Aleksia
F,Alena
F,Alesha
F,Alesia
F,Alessa
F,Alessandra
F,Alessia
F,Alexa
F,Alexandra
F,Alexandria
F,Alexandrina
F,Alexanne
F,Alexia
F,Aléxia
F,Alexis
F,Aléxis
F,Alexya
F,Alfatihah
F,Alhona
F,Alia
F,Ália
F,Aliah
F,Aliana
F,Aliane
F,Aliça
F,Alice
F,Alicia
F,Alícia
F,Aliciana
F,Alicya
F,Aliénor
F,Alifiyah
F,Alimatu
F,Alina
F,Aline
F,Alinne
F,Alis
F,Alisa
F,Alise
F,Alisha
F,Alisia
F,Alisiya
F,Álison
F,Alissa
F,Alissia
F,Alixya
F,Aliya
F,Aliyah
F,Áliyah
F,Aliyha
F,Aliyya
F,Aliza
F,Alizah
F,Alizay
F,Allana
F,Allegra
F,Allet
F,Allexa
F,Allice
F,Allina
F,Alliyah
F,Alma
F,Almerinda
F,Alva
F,Alvina
F,Alya
F,Alyah
F,Alyanna
F,Alycce
F,Alycia
F,Alyha
F,Alyne
F,Alyona
F,Alyse
F,Alysha
F,Alyssa
F,Alyssia
F,Alzira
F,Amaana
F,Amadea
F,Amaia
F,Amaina
F,Amal
F,Amalia
F,Amália
F,Amanda
F,Amandeed
F,Amandla
F,Amara
F,Amarachi
F,Amari
F,Amarílys
F,Amaris
F,Amatullah
F,Âmbar
F,Amber
F,Ambina
F,Amelia
F,Amélia
F,Amelie
F,Amélie
F,Ameriane
F,América
F,Ami
F,Amiela
F,Amilia
F,Amina
F,Aminadabe
F,Áminah
F,Aminata
F,Amira
F,Amirah
F,Amnah
F,Amora
F,Amrit
F,Amritveer
F,Amy
F,Ana
F,Anabel
F,Anabela
F,Anabelle
F,Anabia
F,Anaelle
F,Anagila
F,Anahel
F,Anaíce
F,Anair
F,Anais
F,Anaís
F,Anaïs
F,Anaisa
F,Anaísa
F,Anaise
F,Anaïssa
F,Anaïsse
F,Anaiza
F,Anaíze
F,Ana-Jane
F,Anajulia
F,Analía
F,Analie
F,Analina
F,Analu
F,Analúcia
F,Anam
F,Anamar
F,Anamaria
F,Anami
F,Ananda
F,Ananya
F,Anastacia
F,Anastácia
F,Anastasia
F,Anastasiia
F,Anastasiya
F,Anastassia
F,Anaya
F,Anayah
F,Anayse
F,Andersa
F,Andra
F,Andrada
F,Andra-Ioana
F,Andrea
F,Andréa
F,Andreea
F,Andreia
F,Andreína
F,Andrelys
F,Andresa
F,Andressa
F,Ándressa
F,Ândria
F,Andriana
F,Ândrya
F,Aneira
F,Anelia
F,Anércia
F,Angel
F,Angela
F,Ângela
F,Angelena
F,Angelic
F,Angélica
F,Angelika
F,Angélika
F,Angelina
F,Angélina
F,Angeline
F,Angelini
F,Angie
F,Anglina
F,Angy
F,Anh
F,Ania
F,Ânia
F,Aniana
F,Aniara
F,Anícia
F,Anik
F,Anika
F,Aníria
F,Anisa
F,Anise
F,Anisha
F,Anisia
F,Anísia
F,Anita
F,Aniyah
F,Anna
F,Annabelle
F,Anna-Carolina
F,Annael
F,Annalisa
F,Annalya
F,Annanaya
F,Annaysa
F,Anne
F,Anneliese
F,Annelise
F,Annelys
F,Anneura
F,Anni
F,Annick
F,Annie
F,Anny
F,Annye-Keller
F,Anoek
F,Ansa
F,Antonela
F,Antonella
F,Antonia
F,Antónia
F,Antonieta
F,Anuque
F,Anuradha
F,Anureet
F,Anurroi
F,Anusca
F,Anvika
F,Anya
F,Anyara
F,Anyra
F,Apolline
F,April
F,Aqeela
F,Aqsa
F,Aquila
F,Aralyn
F,Archel
F,Areana
F,Aretta
F,Aria
F,Ária
F,Ariadna
F,Ariadne
F,Ariadnne
F,Ariana
F,Ariane
F,Arianna
F,Arianne
F,Ariany
F,Ariel
F,Ariela
F,Ariele
F,Ariella
F,Arielly
F,Arihanna
F,Arima
F,Arina
F,Arione
F,Arisha
F,Arlete
F,Arlinda
F,Arline
F,Armanda
F,Arnoor
F,Aroa
F,Arohi
F,Aroshi
F,Arsénia
F,Arsh
F,Arshpreet
F,Aruna
F,Arushi
F,Arwa
F,Ary
F,Arya
F,Árya
F,Aryana
F,Aryanna
F,Arybel
F,Aryelle
F,Aryhel
F,Asheley
F,Asheleya
F,Ashley
F,Ashmeet
F,Asmaa
F,Ásmin
F,Assia
F,Assiatou
F,Assiyatou
F,Assma
F,Assmaa
F,Assmah
F,Assnat
F,Assunção
F,Astrid
F,Asvi
F,Atena
F,Athena
F,Atika
F,Audrey
F,Augusta
F,Augustine
F,Aura
F,Aurea
F,Áurea
F,Àurea
F,Aurélia
F,Aurélie
F,Aurora
F,Ava
F,Avelina
F,Aviva
F,Avnoor
F,Avonlea
F,Awayhame
F,Axelle
F,Aya
F,Ayaana
F,Ayan
F,Ayana
F,Ayane
F,Ayani
F,Ayanna
F,Ayanne
F,Ayara
F,Ayat
F,Ayesha
F,Ayhane
F,Ayira
F,Ayla
F,Aylén
F,Aylin
F,Aylla
F,Ayllah
F,Aymê
F,Aynara
F,Aynoah
F,Ayra
F,Aysha
F,Áysha
F,Aysia
F,Aysla
F,Ayssa
F,Ayumi
F,Ayunni
F,Ayushi
F,Azahara
F,Azaria
F,Azenath
F,Azka
F,Azul
F,Baani
F,Bailo
F,Bani
F,Baran
F,Barbara
F,Bárbara
F,Bareeha
F,Bareerah
F,Basant
F,Bassiratu
F,Bayan
F,Beatrice
F,Béatrice
F,Beatris
F,Beatrise
F,Beatrix
F,Beatriz
F,Beatriz-Elena
F,Bebiana
F,Bela
F,Belen
F,Belén
F,Beline
F,Belisa
F,Bella
F,Belle
F,Belmira
F,Benedita
F,Benice
F,Benigna
F,Bercina
F,Berenice
F,Berfin
F,Bernadette
F,Bernardette
F,Bernardina
F,Berta
F,Betânia
F,Bethany
F,Betina
F,Béyoncé
F,Bhagyasheree
F,Bhavini
F,Bhavnoor
F,Bia
F,Biana
F,Bianca
F,Biani
F,Bianka
F,Biatriz
F,Bibiana
F,Biia
F,Bilguissa
F,Binta
F,Binto
F,Bintou
F,Biyu
F,Blaydeti
F,Blendcy
F,Blessing
F,Bohdana
F,Bourou
F,Branca
F,Breanne
F,Brearna
F,Brenda
F,Briana
F,Brianna
F,Brighitte
F,Brígida
F,Brigite
F,Britney
F,Briza
F,Bronoéalfate
F,Brooklyn
F,Bruna
F,Bryan
F,Bryana
F,Bryanna
F,Buia
F,Byanca
F,Cadi
F,Cadiatou
F,Cadidjato
F,Cadidjatú
F,Cadija
F,Cadijá
F,Cadijato
F,Cadijatu
F,Caetana
F,Caia
F,Caitlin
F,Cali
F,Calie
F,Calli
F,Callista
F,Camélia
F,Camila
F,Camilia
F,Camilla
F,Camille
F,Candice
F,Cândida
F,Candy
F,Caoilinn
F,Capucine
F,Cáren
F,Carina
F,Carine
F,Carisa
F,Carla
F,Carlene
F,Carlize
F,Carlos
F,Carlota
F,Carlotta
F,Carmel
F,Carmen
F,Cármen
F,Carmina
F,Cármina
F,Carminda
F,Carminho
F,Carmo
F,Carol
F,Carole
F,Carolina
F,Caroline
F,Casey
F,Casimira
F,Cassandra
F,Cassia
F,Cássia
F,Cassilda
F,Cataleia
F,Cataleya
F,Catalina
F,Catalyna
F,Catarina
F,Caterina
F,Cathaleya
F,Catharina
F,Catherine
F,Cathrionna
F,Catia
F,Cátia
F,Catila
F,Catiliana
F,Catrina
F,Cattleya
F,Catyleia
F,Catyliana
F,Cauaren
F,Cayari
F,Cayetana
F,Caylainy
F,Cécile
F,Cecilia
F,Cecília
F,Cecylia
F,Celeste
F,Célia
F,Celina
F,Celine
F,Céline
F,Cellen
F,Celmira
F,Celtiane
F,Cerasela
F,Cereja
F,Cesaltina
F,Céu
F,Chanda
F,Chanel
F,Chanell
F,Chantal
F,Chantel
F,Chantell
F,Charlene
F,Charlie
F,Charlize
F,Charlotte
F,Cheila
F,Cheilly
F,Chelsea
F,Chelsy
F,Chen
F,Cheng
F,Cheok
F,Cheslsy
F,Chevelle
F,Chi
F,Chiara
F,Chimalavera
F,Chin
F,Chisom
F,Chloe
F,Chloé
F,Chloë
F,Chlöe
F,Chreshta
F,Chrisângella
F,Christa
F,Christiane
F,Christianna
F,Christianne
F,Christiany
F,Christina
F,Christine
F,Ciana
F,Ciara
F,Ciàra
F,Cibele
F,Cibelle
F,Cidália
F,Ciline
F,Ciliza
F,Cinara
F,Cínara
F,Cindy
F,Cinthia
F,Cinthya
F,Cíntia
F,Cintra
F,Cintya
F,Cirila
F,Citlali
F,Claire
F,Clara
F,CLara
F,Clare
F,Clarice
F,Clarina
F,Clarinha
F,Clarissa
F,Clarisse
F,Claudemira
F,Claudia
F,Claúdia
F,Cláudia
F,Claudiana
F,Claudine
F,Cleia
F,Cleide
F,Cleidiane
F,Cleiliana
F,Clementine
F,Cleo
F,Cléo
F,Cleonice
F,Cleopatra
F,Cleópatra
F,Cloe
F,Cloé
F,Cloë
F,Clotilde
F,Codruta
F,Conceição
F,Concha
F,Constança
F,Constânça
F,Constance
F,Constância
F,Constantina
F,Constanza
F,Contança
F,Cora
F,Coraima
F,CoraMae
F,Corina
F,Corine
F,Crécia
F,Cremilda
F,Crisleidy
F,Crismara
F,Crissia
F,Cristal
F,Cristela
F,Cristele
F,Cristhieny
F,Cristiana
F,Cristiane
F,Cristielle
F,Cristina
F,Crizal
F,Crizelle
F,Crystal
F,Cyara
F,Cynthia
F,Cyntia
F,Dadiva
F,Dádiva
F,Dadivania
F,Dadivina
F,Daenerys
F,Dafeny
F,Dafne
F,Dafny
F,Dahira
F,Dahlia
F,Daiana
F,Daiane
F,Daiany
F,Daina
F,Dainy
F,Daisa
F,Daisi
F,Daisy
F,Daivania
F,Daizara
F,Daizy
F,Dakota
F,Dalanda
F,Dália
F,Daliana
F,Dalila
F,Dalinda
F,Dámaris
F,Damarys
F,Damiana
F,Dana
F,Danacan
F,Dania
F,Dânia
F,Daniana
F,Daniela
F,Daniella
F,Danielle
F,Danielly
F,Daniely
F,Danien
F,Danika
F,Danya
F,Danyele
F,Dara
F,Daria
F,Dária
F,Dariana
F,Dáriane
F,Darina
F,Dariya
F,Darlynn
F,Darpana
F,Daryna
F,Dássia
F,Daviany
F,Dayana
F,Dayane
F,Dayanna
F,Dayanne
F,Daylin
F,Daymara
F,Dayol
F,Dayra
F,Dazchelin
F,Debbora
F,Debora
F,Débora
F,Deborah
F,Déborah
F,Debra
F,Deegbi
F,Deesha
F,Deise
F,Deisy
F,Dejanira
F,Delailah
F,Delia
F,Délia
F,Deliandra
F,Delilah
F,Delimara
F,Delmira
F,Dena
F,Denilsa
F,Denisa
F,Denise
F,Denitsha
F,Densi
F,Denysa
F,Denyse
F,Deolinda
F,Derysa
F,Desidéria
F,Desiree
F,Destiny
F,Deusa
F,Deva
F,Devanshi
F,Devisha
F,Devni
F,Deya
F,Deyse
F,Dezayre
F,Dhani
F,Dhanvi
F,Dhara
F,Dharmi
F,Dharyani
F,Dhiya
F,Dhiyanshi
F,Dhriti
F,Dhruvi
F,Dhvity
F,Diamantina
F,Diana
F,Diane
F,Dianna
F,Diany
F,Diara
F,Dídia
F,Didiana
F,Dilara
F,Dilca
F,Diliana
F,Dilma
F,Dilreet
F,Dilsa
F,Dimana
F,Dina
F,Dineia
F,Dinora
F,Diócadun
F,Diolinda
F,Dione
F,Diriane
F,Dirsha
F,Disha
F,Dishti
F,Diva
F,Divija
F,Diya
F,Diza
F,Djacqueline
F,Djalayne
F,Djalvin
F,Djamila
F,Djanira
F,Djara
F,Djariato
F,Djaymily
F,Djeisia
F,Djenabo
F,Djenabu
F,Djenabú
F,Djenifer
F,Djeny
F,Djenyfer
F,Djestiny
F,Djucu
F,Dolores
F,Domingas
F,Dominica
F,Dominika
F,Donatella
F,Dora
F,Doralice
F,Doriana
F,Dóris
F,Douaa
F,Douãa
F,Dounia
F,Drashti
F,Dricla
F,Drisha
F,Drishya
F,Duana
F,Ducelma
F,Dulce
F,Dulcineia
F,Duna
F,Dúnia
F,Dyana
F,Dyanna
F,Dyanne
F,Dylara
F,Eárine
F,Earyne
F,Ebenézer
F,Ecaterina
F,Edda
F,Edeleny
F,Eden
F,Ediana
F,Edilene
F,Edilssa
F,Edilzy
F,Edina
F,Edine
F,Edineusa
F,Edite
F,Edith
F,Edlynne
F,Edmara
F,Edmaya
F,Edna
F,Ednaiza
F,Ednara
F,Eduarda
F,Edzana
F,Egali
F,Eiman
F,Eishal
F,Ekamdeep
F,Ekaterina
F,Eknoor
F,Elaina
F,Elaine
F,Elainy
F,Elaisa
F,Elana
F,Elany
F,Elayna
F,Elayne
F,Elcy
F,Eléa
F,Eleana
F,Eleanor
F,Electra
F,Eleine
F,Elena
F,Eléna
F,Eleni
F,Eléni
F,Elenna
F,Eleonor
F,Eleonora
F,Eléonore
F,Elettra
F,Elga
F,Elia
F,Élia
F,Èlia
F,Eliana
F,Eliane
F,Elianna
F,Elianne
F,Eliany
F,Eliara
F,Élice
F,Eliciane
F,Elieta
F,Eliete
F,Elikia
F,Elikya
F,Elín
F,Élin
F,Elina
F,Eline
F,Elines
F,Elinise
F,Eliny
F,Elioenai
F,Elis
F,Élis
F,Elisa
F,Élisa
F,Elisabete
F,Elisabeth
F,Elisama
F,Elisângela
F,Elise
F,Elisete
F,Elishka
F,Elísia
F,Elisiane
F,Elissa
F,Eliza
F,Elizabet
F,Elizabete
F,Elizabeth
F,Elizangila
F,Elizaveta
F,Ella
F,Ellana
F,Elle
F,Ellen
F,Ellena
F,Elleonor
F,Ellia
F,Elliane
F,Ellie
F,Ellie-Rosa
F,Elloa
F,Elly
F,Ellyn
F,Elma
F,Elmara
F,Elmusa
F,Elnor
F,Eloá
F,Eloah
F,Elodie
F,Elody
F,Eloisa
F,Eloise
F,Eloïse
F,Elona
F,Elora
F,Elsa
F,Elsiane
F,Eluane
F,Elvira
F,Elya
F,Elyana
F,Elyane
F,Elyanna
F,Elyanne
F,Elyne
F,Elynthia
F,Elysia
F,Elzira
F,Ema
F,Éma
F,Emaly
F,Emannuelly
F,Emanuela
F,Emanuella
F,Emanuelle
F,Emanuelly
F,Emeli
F,Emeliah
F,Emelie
F,Emely
F,Emi
F,Emie
F,Emilia
F,Emília
F,Emiliana
F,Emilie
F,Emilly
F,Émilly
F,Emily
F,Émily
F,Emma
F,Emmanuela
F,Emmely
F,Emmy
F,Emy
F,Emylle
F,En
F,Enalia
F,Énia
F,Enily
F,Eniraide
F,Enola
F,Enora
F,Enya
F,Enzel
F,Eriana
F,Erica
F,Érica
F,Eridana
F,Erika
F,Érika
F,Erin
F,Erioluwa
F,Eriwana
F,Ermelinda
F,Ermy
F,Eryka
F,Esenia
F,Esha
F,Eshaal
F,Eshal
F,Esita
F,Esmeralda
F,Esperança
F,Esperanza
F,Estefani
F,Estefania
F,Estefânia
F,Estefany
F,Estéfica
F,Estela
F,Estelle
F,Estephanie
F,Ester
F,Estér
F,Esther
F,Estrela
F,Estréla-Marina
F,Estrella
F,Estrelle
F,Etsana
F,Euclidiana
F,Eugenia
F,Eugénia
F,Eukene
F,Eulália
F,Eunice
F,Euridce
F,Eva
F,Éva
F,Evalyn
F,Evandra
F,Evania
F,Evanyce
F,Evdokia
F,Evelin
F,Evelina
F,Eveline
F,Evellyn
F,Evely
F,Evelyn
F,Évelyn
F,Evelyne
F,Evilly
F,Evolet
F,Ewa
F,Excel
F,Eyla
F,Eyva
F,Ezel
F,Ezequiela
F,Ezesandra
F,Ezinne
F,Ezly
F,Ezra
F,Faaiza
F,Faatima
F,Faatimah
F,Fábia
F,Fabiana
F,Fabielli
F,Fábio
F,Fabíola
F,Fabrícia
F,Fabrizia
F,Fabyene
F,Fadia
F,Fahisa
F,Faira
F,Faith
F,Faiza
F,Fajar
F,Fanta
F,Farah
F,Fareedah
F,Farha
F,Farrah
F,Fateh
F,Fatiany
F,Fatiha
F,Fatima
F,Fátima
F,Fatimatou
F,Fatima-Zahara
F,Fatma
F,Fatou
F,Fatoumata
F,Fatu
F,Fatumata
F,Faustina
F,Fedra
F,Felicia
F,Felícia
F,Felisberta
F,Fénix
F,Feriel
F,Fernanda
F,Fia
F,Filipa
F,Filippa
F,Filomena
F,Filza
F,Fiona
F,Fiorella
F,Firdaws
F,Flavia
F,Flávia
F,Flor
F,Flora
F,Florbela
F,Florence
F,Florencia
F,Florentina
F,Florinda
F,Floy
F,Foram
F,Francelina
F,Francesca
F,Francine
F,Francisa
F,Francisca
F,Frankie
F,Franziska
F,Frederica
F,Frida
F,Fylipa
F,Gabi
F,Gabriela
F,Gabriella
F,Gabrielle
F,Gabrielly
F,Gabriely
F,Gael
F,Gaia
F,Gaïa
F,Gaitana
F,Gara
F,Gavin
F,Geanina
F,Geisa
F,Geiza
F,Gelciline
F,Gelcyara
F,Gélsia
F,Gema
F,Genciane
F,Genésia
F,Génesis
F,Gênesis
F,Geneza
F,Génises
F,Georgeta
F,Geórgia
F,Georgiana
F,Georgina
F,Geovana
F,Geovanna
F,Geralda
F,Gernaísa
F,Gerulza
F,Giada
F,Giana
F,Gianna
F,Gianny
F,Gilda
F,Gilmara
F,Gilsa
F,Gina
F,Giovana
F,Giovanna
F,Girisha
F,Gisela
F,Gisele
F,Giselle
F,Gislane
F,Gislene
F,Giulia
F,Giuliana
F,Glaúcia
F,Glaucivania
F,Glenda
F,Gloria
F,Glória
F,Goreti
F,Grabriela
F,Graça
F,Grace
F,Graciana
F,Graciani
F,Graciela
F,Graciete
F,Gracinda
F,Grazielly
F,Greer
F,Greice
F,Greicekelly
F,Guadalupe
F,Gudusuaina
F,Guilhermina
F,Guiomar
F,Gulmira
F,Gurash
F,Gurleen
F,Gurmehek
F,Gurnajbir
F,Gurseerat
F,Gursirat
F,Gyselle
F,Haadiya
F,Habigail
F,Hadassa
F,Hadassah
F,Hadiyah
F,Hadiyatou
F,Hadja
F,Hafsa
F,Hailie
F,Haizea
F,Haja
F,Hajar
F,Hala
F,Halana
F,Hália
F,Haliny
F,Hallyssa
F,Halyane
F,Hamda
F,Hana
F,Hanayara
F,Handreia
F,Hang
F,Hania
F,Haniela
F,Haniya
F,Hániyah
F,Hanna
F,Hannah
F,Hansika
F,Hapel
F,Harbin
F,Hareem
F,Hargun
F,Harjot
F,Harkirat
F,Harleen
F,Harneet
F,Harnoor
F,Harper
F,Harpritam
F,Harseerat
F,Harshit
F,Harsiddhi
F,Harsika
F,Harvi
F,Hasana
F,Hasmara
F,Hassanatou
F,Hassatou
F,Havya
F,Hawa
F,Hawwá
F,Haya
F,Hayaa
F,Hayat
F,Hayla
F,Hayley
F,Hazel
F,Haziela
F,Hebe
F,Hedviges
F,Heer
F,Hei
F,Heidi
F,Heidy
F,Heidynazia
F,Helaine
F,Helayne
F,Hélcia
F,Helciany
F,Helda
F,Helen
F,Helena
F,Helena-Edi
F,Helene
F,Helga
F,Hélia
F,Heliamar
F,Heliana
F,Hélida
F,Hellen
F,Hellena
F,Hellieva
F,Helloisa
F,Heloisa
F,Heloísa
F,Heluísa
F,Helyara
F,Hendra
F,Henedina
F,Heni
F,Henriette
F,Henriqueta
F,Hester
F,Hetika
F,Hetvansi
F,Hiba
F,Hibah
F,Hibba
F,Hijab
F,Hilária
F,Hilda
F,Hinal
F,Hinali
F,Hinata
F,Hiral
F,Hiranshi
F,Hiranya
F,Hitakshi
F,Hitisha
F,Hiya
F,Hoi
F,Holi
F,Holly
F,Honey
F,Hoorain
F,Hope
F,Hortênsia
F,Hosanna
F,Hossana
F,Houssainatou
F,Huda
F,Hulematu
F,Humaira
F,Hunaina
F,Hunerpreet
F,Hyndia
F,Hyrina
F,Iamara
F,Ian
F,Iana
F,Ianna
F,Ianny
F,Iao
F,Iara
F,Iarah
F,Iaraslava
F,Iasmin
F,Iasmina
F,Iat
F,Ibadat
F,Idaira
F,Idalete
F,Idália
F,Idalina
F,Idaline
F,Idíane
F,Idiatou
F,Idjatu
F,Ifeoma
F,Ilana
F,Ilara
F,Ilda
F,Ileana
F,Ilektra
F,Ilhaam
F,Iliana
F,Iliane
F,Ilinca
F,Ilithyia
F,Ilizany
F,Ilka
F,Illyana
F,Ilona
F,Ilsa
F,Ilyana
F,Ima
F,Imaan
F,Imara
F,Ina
F,Inaara
F,Inaaya
F,Inái
F,Inaia
F,Inajé
F,Inara
F,Inass
F,Inaya
F,India
F,Índia
F,Indira
F,Indya
F,Ines
F,Inés
F,Inès
F,Inês
F,Inga
F,Ingrid
F,Íngride
F,Inia
F,Inna
F,Ioana
F,Ioanna
F,Iok
F,Iolanda
F,Ionara
F,Ionela
F,Iqra
F,Iracema
F,Irada
F,Iraê
F,Irene
F,Irha
F,Iria
F,Iriana
F,Irina
F,Iris
F,Irís
F,Íris
F,íris
F,Ìris
F,Irley
F,Iryna
F,Isa
F,Isabel
F,Isabela
F,Isabele
F,Isabelina
F,Isabella
F,Isabelle
F,Isabelli
F,Isabelly
F,Isabely
F,Isadora
F,Isamara
F,Isatou
F,Isaura
F,Ishani
F,Ishika
F,Ishtmeet
F,Isilda
F,Isis
F,Isís
F,Ísis
F,Isla
F,Ismaela
F,Ismália
F,Ismara
F,Ismeria
F,Isoke
F,Isra
F,Israa
F,Itamara
F,Itiane
F,Itzayana
F,Itzel
F,Iva
F,Ivaldira
F,Ivana
F,Ivandra
F,Ivânia
F,Ivanise
F,Ivanka
F,Ivanna
F,Ivanne
F,Ivete
F,Ivie
F,Ivone
F,Ivory
F,Ivy
F,Izabel
F,Izabela
F,Izabella
F,Izadora
F,Izaine
F,Izidora
F,Jaciara
F,Jacinta
F,Jacira
F,Jackline
F,Jacqueline
F,Jacyara
F,Jacymiilly
F,Jada
F,Jaddy
F,Jade
F,Jade-Noémi
F,Jady
F,Jael
F,Jaiane
F,Jaidee
F,Jailma
F,Jailsa
F,Jaine
F,Jainisha
F,Jalica
F,Jalny
F,Jamilly
F,Jamily
F,Jana
F,Janaina
F,Janaína
F,Janajane
F,Jandira
F,Jandria
F,Jane
F,Jane-Grace
F,Janejana
F,Janelle
F,Janete
F,Jani
F,Janice
F,Janilza
F,Janina
F,Janine
F,Janira
F,Janircia
F,Janisis
F,Janna
F,Jannah
F,Jannat
F,Jannatpreet
F,Jannatul
F,Janne
F,Japjot
F,Japleen
F,Jaqueline
F,Jaqui
F,Járcia
F,Jashandeep
F,Jasira
F,Jaskirat
F,Jasleen
F,Jaslyn
F,Jasmeen
F,Jasmeet
F,Jasmim
F,Jasmin
F,Jasmina
F,Jasmine
F,Jasnoor
F,Jassira
F,Jaya
F,Jayara
F,Jaycee
F,Jayde
F,Jaydin
F,Jaylee
F,Jazmin
F,Jazzmine
F,Jeana
F,Jeanete
F,Jeanine
F,Jeanne
F,Jeany
F,Jeckliny
F,Jeidy
F,Jeisiane
F,Jemima
F,Jéni
F,Jenifer
F,Jénifer
F,Jeniffer
F,Jennifer
F,Jenny
F,Jennyfer
F,Jeny
F,Jeovania
F,Jerónima
F,Jerusa
F,Jessana
F,Jessiane
F,Jessica
F,Jéssica
F,Jessie
F,Jessy
F,Jessyca
F,Jéssyca
F,Jewel
F,Jeysse
F,Jezabel
F,Jhennifer
F,Jhulli
F,Jia
F,Jigisha
F,Jihane
F,Jil
F,Jilsiany
F,Jinal
F,Jing
F,Jiya
F,Joadmila
F,Joalete
F,Joana
F,Joaninha
F,Joanna
F,Joaquim
F,Joaquina
F,Joceane
F,Joceline
F,Jocelyn
F,Jocyana
F,Jocyara
F,Jodelsia
F,Joelly
F,Joelma
F,Johaina
F,Johanna
F,Johanna-Sophie
F,Joi
F,Joice
F,Joicimara
F,Joicy
F,Jomila-Lucía
F,Jonyfer
F,Joquebede
F,Joraide
F,Jordana
F,Jordanna
F,Josana
F,José
F,Joseandra
F,Joseane
F,Joseanne
F,Josefa
F,Josefina
F,Josélia
F,Joselina
F,Josemara
F,Josiana
F,Josiane
F,Josianne
F,Josiany
F,Josy
F,Joti
F,Jovana
F,Joya
F,Joyce
F,Joyciane
F,Jozefina
F,Juanita
F,Juceila
F,Jucelene
F,Jucemara
F,Judite
F,Juisney
F,Juli
F,Julia
F,Júlia
F,Juliana
F,Julianna
F,Juliany
F,Julie
F,Juliê
F,Julieta
F,Julieth
F,Juliette
F,Juline
F,Julinha
F,Jullia
F,Jullyana
F,Jumina
F,June
F,Júnia
F,Juno
F,Jusilene
F,Jussara
F,Justa
F,Justýna
F,Juweyriyah
F,Jysea
F,Ka
F,Kadiatou
F,Kadidjatou
F,Kadija
F,Kadijah
F,Kaela
F,Kaelynn
F,Kai
F,Kailane
F,Kailani
F,Kailanny
F,Kailany
F,Kaily
F,Kaira
F,Kairos
F,Kaitlyn
F,Kajatou
F,Kalissy
F,Kalyani
F,Kamila
F,Kámilah
F,Kamile
F,Kamilla
F,Kamilly
F,Kámya
F,Kanika
F,Kaniksha
F,Kanisha
F,Kanizfatema
F,Kareen
F,Kareena
F,Karen
F,Karima
F,Karime
F,Karin
F,Karina
F,Karine
F,Karinna
F,Karisa
F,Karmjot
F,Karol
F,Karolina
F,Karoline
F,Karoliny
F,Karolyna
F,Karynne
F,Kashfiya
F,Kashmala
F,Kassia
F,Kássia
F,Kassie
F,Kassimara
F,Kássya
F,Kâssya
F,Kataleya
F,Katalleya
F,Katalya
F,Katarina
F,Kate
F,Katelynn
F,Katerin
F,Katerina
F,Katharina
F,Katherine
F,Kathleen
F,Kathrine
F,Kathryn
F,Kathya
F,Katia
F,Kátia
F,Katie
F,Katlin
F,Katrin
F,Kattleya
F,Katty
F,Kauana
F,Kausar
F,Kavya
F,Kawiny
F,Kaya
F,Kayani
F,Kayannie
F,Kayara
F,Kayla
F,Kaylane
F,Kaylee
F,Kayleen
F,Kayleigh
F,Kaylen
F,Kaylie
F,Kaylin
F,Kaylla
F,Kayna
F,Kayra
F,Kayssa
F,Kédiany
F,Keiko
F,Keila
F,Keilane
F,Keilany
F,Keilly
F,Keimilly
F,Keira
F,Keissim
F,Keissy
F,Keity
F,Kelen
F,Kélia
F,Keliane
F,Kellen
F,Kelly
F,kelly
F,KellY
F,Kellya
F,Kellyane
F,Kellyn
F,Kellyne
F,Kelmy
F,Kelshia
F,Kélsia
F,Kelsie
F,Kelsy
F,Kely
F,Kélya
F,Këlya
F,Kemilly
F,Kemily
F,Kendall
F,Kendra
F,Kênia
F,Kentia
F,Kenya
F,Kenza
F,Kenzi
F,Kenzie
F,Kéren
F,Kérinha
F,Késia
F,Kessia
F,Késsia
F,Kessyah
F,Kethellen
F,Ketleliny
F,Ketley
F,Kevna
F,Keya
F,Keyanna
F,Keyla
F,Keyliane
F,Keylla
F,Keyna
F,Keynara
F,Kezia
F,Keziah
F,Khadidiato
F,Khadidiatou
F,Khadija
F,Khaila
F,Khaleesi
F,Khalisa
F,Kharen
F,Khatija
F,Khatijah
F,Khayla
F,Khaymara
F,Kherunissa
F,Kheylla
F,Khiara
F,Khiiara
F,Khizra
F,Khloe
F,Khloé
F,Khushi
F,Khushman
F,Khushpreet
F,Khusi
F,Khyara
F,Kiami
F,Kiamy
F,Kianna
F,Kiany
F,Kiara
F,kiara
F,Kidiana
F,Kielle
F,Kiendra
F,Kiesse
F,Kieza
F,Kihara
F,Kiláry
F,Kimberley
F,Kimberly
F,Kimora
F,Kinia
F,Kira
F,Kishani
F,Kissia
F,Kiuma
F,Klara
F,Klaudia
F,Kleio
F,Klementyna
F,Kléo
F,Klery
F,Komal
F,Kripa
F,Krisha
F,Krishna
F,Krishti
F,Krisma
F,Kristal
F,Kristelle
F,Kristi
F,Kristina
F,Krittika
F,Krushangi
F,Krutgna
F,Krystal
F,Kulthum
F,Kyana
F,Kyanna
F,Kyanni
F,Kyara
F,kyara
F,Kyarah
F,Kyesse
F,Kygia
F,Kyla
F,Kylie
F,Kynara
F,Kyomara
F,Lace
F,Lacey
F,Laércia
F,Laeticia
F,Laetitia
F,Laëtitia
F,Laia
F,Laibah
F,Laidija
F,Laila
F,Laïlana
F,Laima
F,Laine
F,Lais
F,Laís
F,Laisa
F,Laissa
F,Laíssa
F,Laiyanne
F,Laíz
F,Laizi
F,Lakisha
F,Lakshmi
F,Laksmi
F,Laly
F,Lamisa
F,Lana
F,Lanica
F,Lânica
F,Lanna
F,Lannah
F,Lara
F,Larayumi
F,Lariana
F,Lariane
F,Larisa
F,Larissa
F,Láriza
F,Larysa
F,Laryssa
F,Lasilis
F,Lathifa
F,Latifa
F,Latifah
F,Lauane
F,Lauanny
F,Laura
F,Laureana
F,Laureen
F,Lauren
F,Laurena
F,Lauréna
F,Laurene
F,Laurent
F,Laurentina
F,Lauriana
F,Laurinda
F,Lauryane
F,Lauryn
F,Lavinia
F,Lavínia
F,Lavonne
F,Lawan
F,Laya
F,Layane
F,Layanna
F,Layanne
F,Layara
F,Layena
F,Layla
F,Layne
F,Layra
F,Laysa
F,Laysla
F,Layssa
F,Le
F,Lea
F,Léa
F,Leah
F,Léah
F,Lêan
F,Leana
F,Léana
F,Leandra
F,Léandra
F,Leane
F,Léane
F,Leanje
F,Leanna
F,Léanna
F,Léanor
F,Lecticia
F,Lectícia
F,Leena
F,Leia
F,Leidivan
F,Leila
F,Leire
F,Leiza
F,Lekbira
F,Lemba
F,Lena
F,Léna
F,Lénia
F,Lenicy
F,Lenin
F,Lenise
F,Lenora
F,Leocádia
F,Leomara
F,Leona
F,Leonara
F,Leone
F,Léone
F,Leonela
F,Leonella
F,Leónia
F,Léonie
F,Leonilde
F,Leonna
F,Leonnor
F,Leonny
F,Leonor
F,Leonôr
F,Léonor
F,Leonora
F,Leontina
F,Léopoldine
F,Leslie
F,Lethicia
F,Lethícia
F,Lethycia
F,Leticia
F,Letícia
F,Léticia
F,Leticya
F,Letielly
F,Letissia
F,Letizia
F,Letízia
F,Levi-Jordan
F,Lexie
F,Leya
F,Leyane
F,Leyla
F,Leyna
F,Lhuzie
F,Lhya
F,Lia
F,Lía
F,Liah
F,Liana
F,Liane
F,Lianna
F,Lianne
F,Lianny
F,Lianor
F,Liany
F,Liara
F,Libânia
F,Libiane
F,Lícia
F,Liciana
F,Liciane
F,Licínia
F,Lidia
F,Lídia
F,Lidiana
F,Lidianay
F,Lidiane
F,Lidiany
F,Lidija
F,Lígia
F,Ligiane
F,Lila
F,Lilia
F,Lília
F,Liliam
F,Lilian
F,Liliana
F,Liliane
F,Lilianna
F,Lilliana
F,Lillie
F,Lilly
F,Lily
F,Lilya
F,Lina
F,Linda
F,Lindha
F,Linjing
F,Lionela
F,Lipika
F,Lira
F,Líria
F,Lis
F,Lisa
F,Lisana
F,Lisandra
F,Lisbon
F,Lissa
F,Lissandra
F,Liv
F,Livia
F,Lívia
F,Livya
F,Liya
F,Liyaanah
F,Liyana
F,Liz
F,Liza
F,Lizandra
F,Lizéa
F,Lízi
F,LLyhara
F,Loana
F,Lohana
F,Loide
F,Loíka
F,Lok
F,Lola
F,Lona
F,Loredana
F,Lorena
F,Lorenna
F,Lorenza
F,Loriana
F,Loriane
F,Lorie
F,Lorine
F,Lorraine
F,Lorrainy
F,Lorrany
F,Lou
F,Louana
F,Louane
F,Louanna
F,Lou-Anna
F,Loucia
F,Louisa
F,Louise
F,Louíse
F,Louna
F,Lourdes
F,Lua
F,Luana
F,Luanda
F,Luane
F,Luani
F,Luanna
F,Luanny
F,Luany
F,Luara
F,Lucca
F,Lucia
F,Lucía
F,Lúcia
F,Luciana
F,Luciane
F,Lucie
F,Luciena
F,Luciene
F,Lucile
F,Lucília
F,Lucily
F,Lucinda
F,Lucy
F,Lucymar
F,Ludiana
F,Ludiany
F,Ludima
F,Ludmila
F,Ludyanne
F,Lueji
F,Luena
F,Luenna
F,Luiana
F,Luicilene
F,Luine
F,Luís
F,Luisa
F,Luísa
F,LUÍSA
F,Luisie
F,Luiza
F,Luíza
F,Luka
F,Lukénia
F,Lukenya
F,Lumena
F,Lumi
F,Luna
F,Lunah
F,Lunara
F,Luniva
F,Lunna
F,Lunnah
F,Lurdes
F,Lúriah
F,Luriam
F,Luriane
F,Luwejíyane
F,Luyana
F,Luyane
F,Luz
F,Luzia
F,Lweji
F,Lwena
F,Lwezzy
F,Lya
F,Lyah
F,Lyan
F,Lyana
F,Lyandra
F,Lyane
F,Lyani
F,Lyanie
F,Lyara
F,Lyaren
F,Lyna
F,Lynn
F,Lysie
F,Lyssa
F,Lyvia
F,Maahi
F,Maahirah
F,Maahniya
F,Maaniya
F,Maanvika
F,Mabel
F,Mabell
F,Madail
F,Madalena
F,Madalina
F,Maddalena
F,Maddelyn
F,Madeleine
F,Madelene
F,Madiha
F,Maëlie
F,Maëlis
F,Maelys
F,Maëlys
F,Maeva
F,Maëva
F,Mafalda
F,Magali
F,Magalie
F,Magda
F,Mágda
F,Magdalena
F,Maggui
F,Magnólia
F,Maguette
F,Mágui
F,Mah
F,Maha
F,Mahdia
F,Mahi
F,Mahnoor
F,Maia
F,Maïa
F,Maiara
F,Maida
F,Maïdo
F,Maila
F,Maimuna
F,Maira
F,Maíra
F,Maisa
F,Maísa
F,Maisah
F,Maisam
F,Maite
F,Maitê
F,Makayla
F,Malaika
F,Malak
F,Malena
F,Mali
F,Malia
F,Malía
F,Malie
F,Maliha
F,Malika
F,Malu
F,Malú
F,Mama
F,MaMa
F,Mamadou
F,Mame
F,Man
F,Manassa
F,Manasvi
F,Manel
F,Mankirat
F,Manmeet
F,Mannatpreet
F,Manoela
F,Manon
F,Manreet
F,Mansi
F,Manuela
F,Manuella
F,Manvi
F,Manyata
F,Maprua
F,Mara
F,Marah
F,Marcela
F,Marcelina
F,Marcella
F,Marcelle
F,Marcia
F,Márcia
F,Marciana
F,Maré
F,Marflor
F,Margaret
F,Margarida
F,Margariga
F,Margarita
F,Margaritta
F,Margaux
F,Margherita
F,Margot
F,Marguerita
F,Mari
F,Maria
F,María
F,Mária
F,Mariah
F,Maria-Luís
F,Maria-Luiza
F,Mariam
F,Mariama
F,Mariamar
F,Mariame
F,Mariana
F,Mariane
F,Mariangi
F,Marianna
F,Marianne
F,Maria-Valentina
F,Maribel
F,Marie
F,Mariela
F,Marielle
F,Marie-Louise
F,Marieta
F,Mariia
F,Marija
F,Marilda
F,Marilia
F,Marília
F,Marilinda
F,Marilu
F,Mariluz
F,Marilza
F,Marina
F,Marinela
F,Marinha
F,Marion
F,Marisa
F,Marisabel
F,Marisela
F,Marisol
F,Marita
F,Máriyah
F,Mariza
F,Marjore
F,Marlayna
F,Marle
F,Marlene
F,Marli
F,Marlice
F,Marline
F,Marlise
F,Marlita
F,Marluí
F,Marta
F,Martha
F,Martina
F,Mártina
F,Martinha
F,Maruwa
F,Marwa
F,Mary
F,Marya
F,Maryah
F,Maryam
F,Maryana
F,Marybel
F,Marycel
F,Marysol
F,Mathalda
F,Mathilda
F,Mathilde
F,Mathylde
F,Matilda
F,Matilde
F,Mauan
F,Maura
F,Maureen
F,Maurine
F,Maxine
F,May
F,Maya
F,Mayagi
F,Mayana
F,Mayara
F,Mayce
F,Mayla
F,Maylee
F,Maylis
F,Mayra
F,Maysa
F,Mayza
F,Mazea
F,Medina
F,Meera
F,Meeryam
F,Megan
F,Meggi
F,Meghan
F,Mehakpreet
F,Mehjabeen
F,Mehr
F,Mel
F,Melania
F,Melânia
F,Melanie
F,Melánie
F,Mélanie
F,Melaniya
F,Melannie
F,Melany
F,Melanye
F,Melina
F,Mélina
F,Melinda
F,Mélinda
F,Méline
F,Melinie
F,Melisa
F,Mélisande
F,Melissa
F,Mélissa
F,Mélisse
F,Mellanie
F,Mellany
F,Mellanye
F,Mellissa
F,Mellyssa
F,Melodia
F,Mélodie
F,Melody
F,Melynda
F,Melyssa
F,Mélyssa
F,Mercedes
F,Mercês
F,Merciane
F,Meriana
F,Merícia
F,Merita
F,Meritxell
F,Merydjene
F,Meryem
F,Meyde
F,Meyra
F,Mia
F,Miah
F,Micaela
F,Micaella
F,Mical
F,Michele
F,Micheli
F,Michell
F,Michelle
F,Michelly
F,Mickaela
F,Mickelly
F,Miftah
F,Miglena
F,Miguela
F,Mihaela
F,Mikaela
F,Mikaëla
F,Mikaelly
F,Mikayla
F,Mila
F,Milana
F,Milany
F,Mileida
F,Mileide
F,Milena
F,Miléna
F,Milene
F,Miley
F,Milica
F,Milinda
F,Mina
F,Minerva
F,Mira
F,Miranda
F,Mireia
F,Mirela
F,Mirella
F,Mireya
F,Miria
F,Miriã
F,Miriam
F,Mirian
F,Mirita
F,Mirna
F,Miroslava
F,Miruna
F,Miryah
F,Miryam
F,Misaela
F,Misbah
F,Misha
F,Mishal
F,Misthi
F,Mizuki
F,M'mahawa
F,Moana
F,Momtahana
F,Mona
F,Monica
F,Mónica
F,Monike
F,Monroe
F,Morena
F,Morgana
F,Mufaro
F,Mukti
F,Muriel
F,Muskan
F,Mutiara
F,Mya
F,Myany
F,Mycaella
F,Myla
F,Mylena
F,Mymouna
F,Myra
F,Myriam
F,Naara
F,Nabian
F,Nadia
F,Nádia
F,Nadine
F,Nadir
F,Nadja
F,Nadya
F,Nadyne
F,Naeema
F,Naèva
F,Nafia
F,Nagore
F,Nahary
F,Nahla
F,Nahyma
F,Naia
F,Naïa
F,Naiane
F,Naiara
F,Naïara
F,Naíde
F,Naila
F,Naima
F,Naíma
F,Nair
F,Naira
F,Naíra
F,Naïra
F,Naisa
F,Naísa
F,Naissa
F,Najna
F,Nalaan
F,Naleyde
F,Nalini
F,Nami
F,Namira
F,Nanci
F,Nancy
F,Naomi
F,Nara
F,Naraiana
F,Nasra
F,Natacha
F,Natali
F,Natalia
F,Natália
F,Natalie
F,Natalina
F,Natanaela
F,Nataniela
F,Natasha
F,Natchala
F,Natércia
F,Nathalia
F,Nathália
F,Nathalie
F,Natshara
F,Navya
F,Nawail
F,Nawal
F,Nawany
F,Nayandra
F,Nayanka
F,Nayanne
F,Nayara
F,Nayára
F,Nayarah
F,Nayeli
F,Nayla
F,Naylah
F,Nayleen
F,Naylla
F,Nayma
F,Nayomi
F,Nayr
F,Nayra
F,Naysa
F,Naysha
F,Naysir
F,Nayuca
F,Nazaré
F,Nazia
F,Naziriti
F,Ndeye
F,N'deye
F,Neela
F,Neena
F,Neerzara
F,Neide
F,Neidi
F,Neidiane
F,Neidiany
F,Neima
F,Neimara
F,Neise
F,Neivania
F,Nel
F,Nelcy
F,Neli
F,Nélia
F,Nelissa
F,Nelly
F,Nellyane
F,Nelma
F,Nelsa
F,Nelsiany
F,Nelssy
F,Nelsyanne
F,Nely
F,Nene
F,Nené
F,Neomi
F,Nerea
F,Nereida
F,Nerissa
F,Nesilita
F,Nessie
F,Nessy
F,Nesta
F,Neusa
F,Neuse
F,Neuza
F,Nevelly
F,Névia
F,Neyanne
F,Neylissa
F,Neyma
F,Neymara
F,Ngenda
F,Nghoite
F,Ngou
F,Nhalim
F,Nhiblo
F,Nhima
F,Ni
F,Nia
F,Niah
F,Niara
F,Nicca
F,Nice
F,Nícia
F,Nicky
F,Nicol
F,Nicole
F,Nicoleta
F,Nicolle
F,Nicolly
F,Nicoly
F,Nidhi
F,Nidía
F,Nídia
F,Nidiana
F,Nidiane
F,Niéves
F,Nihal
F,Nikita
F,Nikol
F,Nikole
F,Nikolly
F,Nilde
F,Nilmara
F,Nilsiane
F,Nilza
F,Nimi
F,Nimilukeyne
F,Nimisa
F,Nina
F,Ninara
F,Nirali
F,Nirian
F,Niriani
F,Nirianí
F,Nirina
F,Nirvana
F,Nisa
F,Nishtha
F,Nísia
F,Nitya
F,Niyati
F,Njinga
F,Njunda
F,Nkula
F,Noa
F,Noá
F,Noah
F,Noecris
F,Noelia
F,Noélie
F,Noéline
F,Noelís
F,Noème
F,Noemi
F,Noémi
F,Noémia
F,Noémie
F,Noha
F,Nola
F,Nomusa
F,Noor
F,Nor
F,Norah
F,Norma
F,Nour
F,Nourane
F,Nourelzharaa
F,Nourhane
F,Núbia
F,Nubiana
F,Nuélia
F,Nuna
F,Nur
F,Nür
F,Nuria
F,Núria
F,Núrya
F,Nusaiba
F,Nyah
F,Nyara
F,Nyhara
F,Nysa
F,Nyurka
F,Nzambi
F,N'Zayla
F,Oana
F,Oceana
F,Oceane
F,Océane
F,Ociana
F,Octávia
F,Oderlaine
F,Odette
F,Ofélia
F,Ohana
F,Ohanna
F,Oi
F,Oksana
F,Oleksandra
F,Olga
F,Olimpia
F,Olinda
F,Olivia
F,Olívia
F,Oliviana
F,Oliwia
F,Omara
F,Omayra
F,Omya
F,Onalyz
F,Or
F,Orange
F,Oriana
F,Oriane
F,Orianna
F,Oriany
F,Orlanda
F,Orlania
F,Orquídea
F,Orrel
F,Oryana
F,Osinachi
F,Osíris
F,Ostara
F,Otchali
F,Otelinda
F,Otília
F,Otylia
F,Oumaima
F,Oumou
F,Palina
F,Pallavi
F,Palmira
F,Paloma
F,Palomá
F,Pamela
F,Pâmella
F,Pandora
F,Paola
F,Paolla
F,Papoila
F,Parbhjot
F,Parbhleen
F,Paridhi
F,Parineeti
F,Parini
F,Paris
F,Parisa
F,Pariti
F,Parleen
F,Parneet
F,Patricia
F,Patrícia
F,Patrisia
F,Paula
F,Pauliana
F,Paulina
F,Paz
F,Peculiar
F,Pedrina
F,Pei
F,Pendasecka
F,Penelope
F,Penélope
F,Perla
F,Pérola
F,Perolah
F,Persília
F,Petra
F,Petrina
F,Pettra
F,Peyton
F,Philomène
F,Pia
F,Piedade
F,Pietra
F,Pilar
F,Pinisha
F,Pippa
F,Pixie
F,Piya
F,Poliana
F,Polina
F,Prableen
F,Prachi
F,Pranavi
F,Pranshi
F,Prapti
F,Precious
F,Prezia
F,Princess
F,Princi
F,Princy
F,Priscianne
F,Priscienne
F,Priscila
F,Priscilla
F,Prisha
F,Prishu
F,Priyal
F,Priyana
F,Priyani
F,Priyanka
F,Priyanshi
F,Priyasha
F,Prudência
F,Pui
F,Pureza
F,Purvi
F,Purvika
F,Pyetra
F,Qian
F,Qiana
F,Qianyu
F,Qristina
F,Quedna
F,Quélia
F,Quéren
F,Quésia
F,Quessia
F,Quezia
F,Quézia
F,Quiana
F,Quiara
F,Quintazinha
F,Quirina
F,Raagidatu
F,Raaniya
F,Rabab
F,Rabia
F,Rachael
F,Rachaell
F,Rachel
F,Radassa
F,Radija
F,Radijah
F,Rafa
F,Rafaela
F,Rafaella
F,Rafya
F,Rahel
F,Rahela
F,Rahima
F,Rahma
F,Rahyssa
F,Raiana
F,Raiane
F,Raiany
F,Raiba
F,Raihanny
F,Raima
F,Raina
F,Raisa
F,Raísa
F,Raissa
F,Raíssa
F,Ralyatou
F,Ramatoulaye
F,Ramatoullaye
F,Ramatulai
F,Ranessa
F,Rania
F,Ranielly
F,Raniyah
F,Ranya
F,Raphaela
F,Raphaella
F,Raquel
F,Rauanny
F,Raul
F,Raven
F,Ravneet
F,Rayana
F,Rayane
F,Rayanna
F,Rayanne
F,Raycha
F,Rayhanatou
F,Rayla
F,Raylla
F,Rayna
F,Raysa
F,Rayssa
F,Razeena
F,Reaganne
F,Reana
F,Reandra
F,Rebeca
F,Rebecca
F,Rebeka
F,Reece
F,Reeva
F,Reezma
F,Regiany
F,Regina
F,Renata
F,Rey
F,Reyna
F,Reynelle
F,Rhadassah
F,Rhaíssa
F,Rhayssa
F,Rhianna
F,Rhuana
F,Rhyanne
F,Riana
F,Rianne
F,Ricarda
F,Ricardina
F,Ricielle
F,Rickyana
F,Rida
F,Riham
F,Rihana
F,Rihanna
F,Rijula
F,Riman
F,Rimas
F,Rinoyshka
F,Rio
F,Rita
F,Ritaj
F,Ritha
F,Ritika
F,Riva
F,Rivka
F,Riyaa
F,Roana
F,Roann
F,Roberta
F,Rocio
F,Romaisa
F,Romana
F,Romina
F,Romy
F,Ronika
F,Rosa
F,Rosália
F,Rosalie
F,Rosalina
F,Rosalinda
F,Rosaline
F,Rosamar
F,Rosana
F,Rosangela
F,Rosária
F,Rosarin
F,Rosarinho
F,Rosário
F,Rose
F,Roseane
F,Roseanna
F,Roshni
F,Rosiany
F,Rosie
F,Rosinda
F,Rosita
F,Roslene
F,Rossana
F,Rossandra
F,Rouguiatou
F,Rouguiyata
F,Roumaysa
F,Roxana
F,Roziane
F,Ruama
F,Rubi
F,Rúbia
F,Rubina
F,Ruby
F,Rubyana
F,Ruby-Rose
F,Ruelma
F,Rugaia
F,Ruhi
F,Ruhin
F,Ruhiyah
F,Ruíza
F,Rukaiya
F,Rumanah
F,Runa
F,Runika
F,Rusana
F,Rushda
F,Rut
F,Rute
F,Ruth
F,Ruwwi
F,Ryara
F,Ryhanna
F,Saalsy
F,Sabaahat
F,Sabina
F,Sabrina
F,Sabrine
F,Sacha
F,Sadagi
F,Sade
F,Sadiya
F,Sádiya
F,Safaa
F,Safae
F,Safiatu
F,Safina
F,Safira
F,Safiya
F,Safiyah
F,Safiye
F,Saga
F,Sahara
F,Sahira
F,Sahíra
F,Sahory
F,Saisha
F,Salemata
F,Salete
F,Sali
F,Sáli
F,Saliha
F,Salima
F,Salimata
F,Salimatu
F,Salin
F,Sally
F,Salma
F,Salome
F,Salomé
F,Saly
F,Sam
F,Samaira
F,Samanta
F,Samantha
F,Samanu
F,Samara
F,Samarah
F,Samaritana
F,Samavia
F,Sâmia
F,Samily
F,Samira
F,Samiya
F,Samreen
F,Samreet
F,Samrina
F,Samyra
F,Sana
F,Sanaya
F,Sancha
F,Sandra
F,Sandrina
F,Sandy
F,Saneia
F,Sangatee
F,Sania
F,Saniya
F,Sanjida
F,Sanpreet
F,Sanskriti
F,Sanvi
F,Sánya
F,Saoudatou
F,Saphira
F,Sara
F,Sarah
F,Sarai
F,Saran
F,Saray
F,Sarayma
F,Sarayu
F,Sarika
F,Sarina
F,Sarolta
F,Sasha
F,Satam
F,Savana
F,Savannah
F,Savreen
F,Scarlet
F,Scarlett
F,Schayenne
F,Schmaiah
F,Seammy
F,Seara
F,Seerat
F,Seeratjot
F,Séfora
F,Sehajleen
F,Sehajpreet
F,Seima
F,Selena
F,Selene
F,Selénia
F,Selina
F,Selma
F,Sena
F,Sendy
F,Seni
F,Sénia
F,Seomara
F,Seong
F,Sephora
F,Serena
F,Séréna
F,Sesili
F,Seynabou
F,Shabih
F,Shafa
F,Shaira
F,Shaíza
F,Shakila
F,Shakilla
F,Shakira
F,Shana
F,Shanaya
F,Shania
F,Shanna
F,Shannan
F,Shannaya
F,Shantel
F,Shantelle
F,Shanti
F,Shanzay
F,Shaquira
F,Sharam
F,Shareen
F,Sharon
F,Shaskia
F,Shayanne
F,Shayenne
F,Shayla
F,Shayná
F,Shehar
F,Sheila
F,Sheinizy
F,Shekina
F,Sherley
F,Sheyla
F,Shimrik
F,Shine
F,Shirley
F,Shivani
F,Shraddha
F,Shreeja
F,Shreya
F,Shridhi
F,Shriya
F,Shun
F,Shyla
F,Si
F,Sian
F,Siana
F,Siara
F,Sibila
F,Sidakpreet
F,Siddhi
F,Sidhak
F,Siena
F,Sienna
F,Sierra
F,Silivondela
F,Silke
F,Silvana
F,Silvéria
F,Silvia
F,Sílvia
F,Silvie
F,Simara
F,Simaura
F,Simona
F,Simone
F,Simra
F,Simran
F,Simy
F,Sindy
F,Sintya
F,Siomara
F,Sira
F,Sirelsen
F,Sisa
F,Skyeah
F,Skylar
F,Slaveya
F,Smahir
F,Smily
F,Snezhana
F,Snigdhita
F,Soainy
F,Sofia
F,Sofía
F,Sófia
F,Sofie
F,Sofiia
F,Sofiya
F,Sofya
F,Sohany
F,Sohia
F,Sol
F,Solana
F,Solange
F,Solayra
F,Solena
F,Solene
F,Soline
F,Solomia
F,Solomiia
F,Solomiya
F,Sonia
F,Sónia
F,Sonilda
F,Sónya
F,Sophia
F,Sophie
F,Soraia
F,Soraya
F,Sory
F,Soshthe
F,Soyane
F,Stacey
F,Stacy
F,Stanislava
F,Stanislawa
F,Stefane
F,Stefani
F,Stefania
M,Aabaj
M,Aagambir
M,Aahan
M,Aahil
M,Aankit
M,Aarav
M,Aaravpreet
M,Aaron
M,AAron
M,Aarón
M,Aarush
M,Aaryan
M,Aasaal
M,Aayam
M,Aayan
M,Aayun
M,Aayush
M,Abd
M,Abdel
M,Abdelhadi
M,Abdellah
M,Abdelrahman
M,Abderrahmane
M,Abdoallah
M,Abdoulaye
M,Abdrahman
M,Abducadre
M,Abdul
M,Abdulai
M,Abdulaí
M,Abdullah
M,Abdulmuiz
M,Abdulrahman
M,Abdulwahab
M,Abduramane
M,Abdurrahim
M,Abel
M,Abhay
M,Abhayjit
M,Abhinav
M,Abhinoor
M,Abhiyan
M,Abibo
M,Abiel
M,Abilio
M,Abílio
M,Abir
M,Abner
M,Abou
M,Aboubacar
M,Abraão
M,Abraar
M,Abraham
M,Abraim
M,Abrão
M,Abrar
M,Absalão
M,Abubacar
M,Acácio
M,Adab
M,Adalberto
M,Adam
M,Adama
M,Adame
M,Adão
M,Adarsh
M,Adaylton
M,Addison
M,Áddison
M,Adeep
M,Adelin
M,Adelino
M,Adélio
M,Adelmiro
M,Adelson
M,Adem
M,Ademir
M,Adenay
M,Áder
M,Adérito
M,Ãdi
M,Adiel
M,Adil
M,Adilson
M,Adnal
M,Adnan
M,Adnav
M,Adner
M,Adney
M,Adolfo
M,Adon
M,Adonai
M,Adonay
M,Adonias
M,Adónis
M,Adriaan
M,Adrian
M,Adrián
M,Adriano
M,Adrick
M,Adriel
M,Adrien
M,Ádrien
M,Adryan
M,Adryán
M,Adryel
M,Adulai
M,Ady
M,Aécio
M,Aedan
M,Aeric
M,Afeef
M,Affaan
M,Afidjo
M,Afonso
M,Afraz
M,Agam
M,Agamjot
M,Agampreet
M,Agandeep
M,Agnelo
M,Agostinho
M,Ahmad
M,Ahmadou
M,Ahmed
M,Ahnaf
M,Ahren
M,Aiã
M,Aidan
M,Aiden
M,Ailen
M,Ailton
M,Aiman
M,Aimar
M,Aires
M,Airton
M,Aïssa
M,Aizen
M,Ajit
M,Akemi
M,Akhrorov
M,Akin
M,Aksh
M,Akshit
M,Akurin
M,Al
M,Aladje
M,Alage
M,Alain
M,Alan
M,Álan
M,Alano
M,Alão
M,Alasdair
M,Alassana
M,Albano
M,Albert
M,Albertini
M,Alberto
M,Albertson
M,Albino
M,Alcassimo
M,Alcides
M,Alcindo
M,Alcino
M,Aldiouma
M,Aldo
M,Alec
M,Alecsander
M,Alejandro
M,Aleks
M,Aleksandar
M,Aleksander
M,Aleksandr
M,Aleksey
M,Áleph
M,Alesandro
M,Alessandro
M,Alessio
M,Alex
M,Álex
M,Alexander
M,Alexandr
M,Alexandre
M,Alexandrino
M,Alexandro
M,Alexandros
M,Alexandru
M,Alexei
M,Alexey
M,Aléxio
M,Alexis
M,Aléxis
M,Alexsander
M,Alexsandr
M,Alexsandro
M,Aleyson
M,Alfa
M,Alfee
M,Alfonso
M,Alfred
M,Alfredinho
M,Alfredo
M,Alhasan
M,Ali
M,Alikhan
M,Alin
M,Aliou
M,Alípio
M,Alison
M,Álison
M,Aliu
M,Aliyan
M,Allan
M,Allex
M,Allister
M,Allyson
M,Almiro
M,Aloísio
M,Alonso
M,Aloysius
M,Alpha
M,Alseny
M,Altay
M,Altino
M,Alvarino
M,Alvaro
M,Álvaro
M,Alvim
M,Alvis
M,Aly
M,Alyaan
M,Amadeo
M,Amadeu
M,Amadi
M,Amador
M,Amadou
M,Aman
M,Amâncio
M,Amandio
M,Amândio
M,Amar
M,Amaro
M,Amary
M,Américo
M,Ami
M,Amilcar
M,Amílcar
M,Amilton
M,Amin
M,Amir
M,Amirxon
M,Ammar
M,Amoljot
M,Amrit
M,Anael
M,Ananias
M,Anantveer
M,Anas
M,Anass
M,Anastácio
M,Anatol
M,Anatoly
M,Ander
M,Anderson
M,Andoni
M,Andre
M,André
M,Andrea
M,Andreas
M,Andrei
M,Andreo
M,Andres
M,Andrés
M,Andrew
M,Andrey
M,Andriel
M,Andries
M,Andrii
M,Andriy
M,Andrs
M,Andy
M,Angel
M,Ángel
M,Àngel
M,Angélico
M,Angelino
M,Angelo
M,Ângelo
M,Ânghel
M,Aníbal
M,Anilson
M,Anilton
M,Anílton
M,Anis
M,Anísio
M,Ankit
M,Anmol
M,Ansel
M,Anselmo
M,Anshdeep
M,Antero
M,Anthoni
M,Anthony
M,Antoine
M,Anton
M,Antón
M,Antoni
M,Antonin
M,Antonino
M,Antonio
M,António
M,Antônio
M,Antony
M,Anval
M,Anyer
M,Anyfá
M,Anylson
M,Aous
M,Aousaf
M,Apolo
M,Aquiles
M,Arad
M,Aramis
M,Arão
M,Arbin
M,Arcanjo
M,Arcelino
M,Arham
M,Ari
M,Arian
M,Ariclenes
M,Ariel
M,Ariful
M,Arin
M,Arion
M,Aristides
M,Arius
M,Arjun
M,Arley
M,Arlindo
M,Arlo
M,Armaan
M,Arman
M,Armand
M,Armandino
M,Armando
M,Arménio
M,Armindo
M,Armínio
M,Arnaldo
M,Arnav
M,Aron
M,Arpit
M,Arryn
M,Arseni
M,Arsenie
M,Arsenii
M,Arsénio
M,Arsh
M,Arshman
M,Art
M,Artem
M,Artemiy
M,Arteom
M,Arthem
M,Arthur
M,Artimisio
M,Artiom
M,Artur
M,Artyom
M,Ary
M,Aryan
M,Asad
M,Asafe
M,Asahel
M,Asen
M,Aser
M,Ashan
M,Asher
M,Ashley
M,Asiel
M,Aslam
M,Asse
M,Assiano
M,Assimiou
M,Assis
M,Asstemír
M,Atesh
M,Athos
M,Atílio
M,Atlas
M,Atreyu
M,Auany
M,Augusto
M,Aureliano
M,Aurélien
M,Aurélio
M,Aureo
M,Austin
M,Avelino
M,Avi
M,Avijot
M,Axel
M,Axkan
M,Ayaan
M,Ayame
M,Ayami
M,Ayan
M,Ayden
M,Aykel
M,Aylan
M,Ayllen
M,Aylton
M,Ayman
M,Aymen
M,Ayoub
M,Ayran
M,Ayrton
M,Ayush
M,Ayushman
M,Azael
M,Azan
M,Azarias
M,Aziel
M,Aziz
M,Azizjon
M,Azmat
M,Aznei
M,Bachir
M,Badara
M,Badr
M,Baichuan
M,Baltasar
M,Baltazar
M,Balthazar
M,Bambo
M,Baniran
M,Bara
M,Barack
M,Bartolomeu
M,Basil
M,Basile
M,Basiru
M,Bastian
M,Batiste
M,Bekoloya
M,Belarmino
M,Belchior
M,Bélcio
M,Belmiro
M,Ben
M,Benard
M,Bendavid
M,Ben-Hur
M,Benicio
M,Benício
M,Benilson
M,Benjahmim
M,Benjamim
M,Benjamin
M,Benjamín
M,Benner
M,Benny
M,Bentley
M,Bento
M,Bernard
M,Bernardim
M,Bernardo
M,Beto
M,Bhavik
M,Bhavnoor
M,Bhernardo
M,Bhubin
M,Bilal
M,Billy
M,Bishes
M,Blake
M,Blyth
M,Bo
M,Bogdan
M,Bohdan
M,Bojidar
M,Bóris
M,Borrico
M,Borys
M,Boryslav
M,Bosco
M,Boubacar
M,Bradley
M,Brahim
M,Braian
M,Braiden
M,Braima
M,Braimy
M,Brainer
M,Brais
M,Brandão
M,Brandon
M,Bráulio
M,Brayan
M,Brayane
M,Brayn
M,Brayne
M,Breno
M,Brian
M,Bruce
M,Bruno
M,Bryan
M,Bryanne
M,Bryant
M,Bubacar
M,Cademo
M,Cadio
M,Caeden
M,Caedyn
M,Cael
M,Caelan
M,Caetano
M,Caíco
M,Caiel
M,Cailan
M,Caio
M,Caique
M,Cairo
M,Cairon
M,Caleb
M,Calebe
M,Calixto
M,Calvin
M,Cameron
M,Camil
M,Camilo
M,Camtai
M,Cândido
M,Canfa
M,Capriano
M,Carlin
M,Carlo
M,Carlos
M,Carlosjonse
M,Carmim
M,Cas
M,Casimiro
M,Cassiano
M,Cássio
M,Castiel
M,Catalin
M,Cauã
M,Cayden
M,Cayleb
M,Cayo
M,Cedric
M,Cédric
M,Cedrick
M,Cédrick
M,Cedrik
M,Celestino
M,Celino
M,Célio
M,Celon
M,Célsio
M,Celso
M,Cesar
M,César
M,Cesário
M,Césaro
M,Ceumir
M,Cezar
M,Chadi
M,Chan
M,Charbel
M,Charles
M,Charles-David
M,Charlie
M,Chayson
M,Chaz
M,Cheihouba
M,Cheikh
M,Cheikhou
M,Cheng
M,Cheng-He
M,Chengman
M,Cheok
M,Cherif
M,Cherno
M,Chester
M,Chi
M,Chiagoziem
M,Chico
M,Chizara
M,Chon
M,Chris
M,Chrishmiel
M,Chrisland
M,Christ
M,Christiaan
M,Christian
M,Christiano
M,Christophe
M,Christopher
M,Christyan
M,Chrystian
M,Cícero
M,Cid
M,Cidálio
M,Cilírio
M,Ciprian
M,Ciro
M,Cisaldo
M,Cizia
M,Clan
M,Claudiano
M,Claudino
M,Claudio
M,Claúdio
M,Cláudio
M,Claudison
M,Clayton
M,Cleber
M,Cléber
M,Cledilson
M,Cleidilson
M,Cleiton
M,Clemente
M,Clesio
M,Clever
M,Colin
M,Connor
M,Constantin
M,Constantino
M,Cooper
M,Cosmin
M,Crispim
M,Cristhian
M,Cristian
M,Cristianno
M,Cristiano
M,Cristofe
M,Cristopher
M,Cristovão
M,Cristóvão
M,Cruz
M,Curtis
M,Custódio
M,Daan
M,Dabs
M,Dacouen
M,Daehan
M,Dailson
M,Daivik
M,Daiylon
M,Daksh
M,Dalton
M,Damanpreet
M,Damian
M,Damião
M,Damien
M,Damir
M,Damon
M,Dan
M,Dani
M,Danial
M,Danico
M,Daniel
M,Danielson
M,Daniil
M,Danil
M,Danilo
M,Danilson
M,Daniyal
M,Danny
M,Dannyel
M,Dante
M,Dany
M,Danylo
M,Daoud
M,Dárcio
M,Dargy
M,Darian
M,Dariel
M,Dario
M,Dário
M,Dariu
M,Darius
M,Darius-Alexandru
M,Darque
M,Darsh
M,Darsheel
M,Daryan
M,Daryo
M,Dave
M,Davi
M,Daví
M,Dávi
M,David
M,David-Alexandru
M,Davide
M,Davids
M,Davidson
M,Davih
M,Davron
M,Davy
M,Dawani
M,Dawid
M,Dawith
M,Dawood
M,Dawoud
M,Daxs
M,Dayan
M,Dayel
M,Daylan
M,Daylon
M,Daymien
M,Daymonds
M,Dayvan
M,Dean
M,Declan
M,Deep
M,Deive
M,Deivid
M,Deiwilson
M,Delcio
M,Délcio
M,Delfim
M,Délio
M,Delmar
M,Delme
M,Delmiro
M,Delvino
M,Dembo
M,Dembó
M,Demetre
M,Denil
M,Denilson
M,Denílson
M,Denilton
M,Denis
M,Dénis
M,Dênis
M,Denish
M,Dénix
M,Dennis
M,Dennys
M,Dénnys
M,Denylson
M,Denys
M,Denzel
M,Deocliciano
M,Deolindo
M,Dércio
M,Derek
M,Derick
M,Dérick
M,Dérickson
M,Derik
M,Deritson
M,Deron
M,Derrick
M,Derycson
M,Destiny
M,Deurick
M,Dev
M,Deven
M,Devin
M,Devon
M,Devran
M,Deyvan
M,Dhairya
M,Dhakir
M,Dhanish
M,Dhanraj
M,Dharmik
M,Dhavid
M,Dheká
M,Dhevan
M,Dhevin
M,Dhir
M,Dhravya
M,Dhrishil
M,Dhrumil
M,Dhrushil
M,Dhruv
M,Dhruvil
M,Dhven
M,Dhyaan
M,Dhyan
M,Dhyey
M,Diamantino
M,Dias
M,Dibo
M,Didier
M,Dieggo
M,Diego
M,Diégo
M,Dien
M,Dierson
M,Dieudonné
M,Diinis
M,Dikafany
M,Dilan
M,Dileison
M,Diljot
M,Dilker
M,Dillon
M,Dilpreet
M,Dilraaj
M,Dilraj
M,Dimas
M,Dimitar
M,Dimitri
M,Dimitrios
M,Dimitriy
M,Dinarte
M,Dinis
M,Diniz
M,Dinnis
M,Dino
M,Diógenes
M,Diogo
M,Diokine
M,Dion
M,Dione
M,Dionisio
M,Dionísio
M,Dirceu
M,Dishaant
M,Dishan
M,Dishi
M,Divanny
M,Divij
M,Divyash
M,Diyan
M,Djaad
M,Djamal
M,Djames
M,Django
M,Djaniny
M,Djanyr
M,Djassy
M,Djayson
M,Djaz
M,Djéidan
M,Djeisen
M,Djeison
M,Djenilson
M,Djenyson
M,Djeridane
M,Djessy
M,Djeviny
M,Djeyson
M,Djeyv
M,Djezzy
M,Djhonathas
M,Djibril
M,Djinilson
M,Djiri
M,Djoel
M,Djossane
M,Djudd
M,Djuliann
M,Dmitri
M,Dmitrii
M,Dmitro
M,Dmytro
M,Domingos
M,Dominic
M,Dominick
M,Domínico
M,Dominik
M,Dominique
M,Donovan
M,Dorian
M,Dorin
M,Douglas
M,Dragos
M,Drav
M,Drish
M,Duane
M,Duani
M,Duarte
M,Duarth
M,Dugério
M,Dúlio
M,Dullin
M,Dumitru
M,Durval
M,Dwayne
M,Dwij
M,Dylan
M,Dyllan
M,Ebenezer
M,Ebnezer
M,Ebrima
M,Edan
M,Edder
M,Eddie
M,Eddy
M,Eden
M,Éden
M,Eder
M,Éder
M,Ederlindo
M,Ederson
M,Edgar
M,Edgard
M,Edgilson
M,Edi
M,Édi
M,Edilson
M,Edimar
M,Edir
M,Edivânio
M,Edjailzen
M,Edmar
M,Edmilson
M,Edmund
M,Edmundo
M,Edner
M,Edney
M,Ednilson
M,Edoardo
M,Édouard
M,Edrick
M,Edsandro
M,Edson
M,Eduard
M,Eduardo
M,Eduvik
M,Edvaldo
M,Edward
M,Edwin
M,Edymar
M,Edynilson
M,Efraim
M,Egas
M,Egídio
M,Egon
M,Egor
M,Eidan
M,Eiden
M,Ekam
M,Ekamjit
M,Ekamjot
M,Ekampreet
M,Eklyn
M,Éktoras
M,Elbercio
M,Élcio
M,Eldar
M,Elder
M,Eldimir
M,Eleutério
M,Elgar
M,Elhadje
M,Elhdj
M,Eli
M,Elia
M,Eliab
M,Eliabe
M,Eliah
M,Elian
M,Eliano
M,Elias
M,Elías
M,Elídio
M,Eliedson
M,Eliel
M,Elielson
M,Eliezandro
M,Eliezer
M,Eliézer
M,Elijah
M,Elio
M,Élio
M,Elioenai
M,Eliot
M,Elisandro
M,Elisei
M,Eliseu
M,Elisiário
M,Elísio
M,Eliteh
M,Eliyah
M,Elizandro
M,Elkann
M,Elliot
M,Elliott
M,Elmaati
M,Elmer
M,Elói
M,Eloizio
M,Eloy
M,Elsa
M,Elsandro
M,Élsio
M,Elson
M,Élson
M,Elton
M,Élton
M,Eluney
M,Elves
M,Elvio
M,Élvio
M,Elvis
M,Elvyn
M,Ely
M,Elyan
M,Elyon
M,Emanuel
M,Emeka
M,Emerson
M,Emessi
M,Emídio
M,Emile
M,Emilian
M,Emiliano
M,Emilio
M,Emílio
M,Emilton
M,Emmanuel
M,Emrys
M,Emyr
M,Emzon
M,Endi
M,Endrick
M,Endrickson
M,Endy
M,Enilson
M,Enio
M,Énio
M,Ennzo
M,Enoque
M,Enrico
M,Enrique
M,Enzho
M,Enzi
M,Enzo
M,Enzu
M,Epandi
M,Erasmo
M,Eric
M,Éric
M,Erick
M,Érick
M,Érico
M,Ericson
M,Erik
M,Erikson
M,Erilteson
M,Erivaldo
M,Ernani
M,Ernest
M,Ernesto
M,Eroany
M,Eros
M,Ersílio
M,Erwan
M,Ery
M,Esandjo
M,Esaú
M,Esdras
M,Esmael
M,Esteban
M,Estebane
M,Estefano
M,Estéfano
M,Estevan
M,Estevão
M,Estêvão
M,Etelvino
M,Ethan
M,Etiandro
M,Etiene
M,Étienne
M,Etilson
M,Etson
M,Euclides
M,Euclidi
M,Eudes
M,Eugen
M,Eugene
M,Eugénio
M,Euger
M,Eurico
M,Eusébio
M,Euzebio
M,Evaldir
M,Evan
M,Evandro
M,Evanilson
M,Evann
M,Evans
M,Evany
M,Évany
M,Evgueni
M,Evickson
M,Eviquene
M,Ewan
M,Ewerton
M,Exel
M,Eydan
M,Eyden
M,Eyson
M,Eyzer
M,Ezairon
M,Ezaquiel
M,Ezekiel
M,Ezequiel
M,Ezra
M,Fa
M,Faadil
M,Fabian
M,Fabián
M,Fabiano
M,Fabião
M,Fabien
M,Fabio
M,Fábio
M,Fabrice
M,Fabricio
M,Fabrício
M,Fabrizio
M,Fabrízio
M,Fahad
M,Fahim
M,Faiz
M,Faizan
M,Fateh
M,Faustino
M,Fausto
M,Federico
M,Feliciano
M,Felipe
M,Felisberto
M,Felismino
M,Felix
M,Félix
M,Feliz
M,Fenil
M,Ferdan
M,Fernando
M,Fernão
M,Figo
M,Fílio
M,Filip
M,Filipe
M,Filipo
M,Filipp
M,Filippo
M,Filomeno
M,Finn
M,Firmino
M,Flavio
M,Flávio
M,Floriano
M,Flynn
M,Fodé
M,Fortunato
M,Francesco
M,Francis
M,Francisco
M,Franciszek
M,François
M,Francy
M,Frank
M,Franklim
M,Fred
M,Freddie
M,Freddy
M,Frederic
M,Frederick
M,Frédérick
M,Frederico
M,Fredy
M,Fredyson
M,Frímann
M,Fynn
M,Gabrieel
M,Gabriel
M,Gabrieli
M,Gabryel
M,Gadiel
M,Gael
M,Gaele
M,Gaell
M,Gaio
M,Galileu
M,Galo
M,Gamaliel
M,Gando
M,Gareth
M,Gary
M,Gaspar
M,Gaspard
M,Gastão
M,Gaurav
M,Gelson
M,Genrikh
M,Gentil
M,Geoffrey
M,George
M,Georges
M,Georgi
M,Georgian
M,Georgiy
M,Geovane
M,Geovanni
M,Geovanny
M,Geovany
M,Geraldo
M,Gerard
M,German
M,Germán
M,Geronimo
M,Gerson
M,Gérson
M,Ghabriel
M,Ghali
M,Gheorghe
M,Gheorghita
M,Giacomo
M,Gian
M,Giani
M,Gianluca
M,Gianni
M,Gianny
M,Gil
M,Gilberto
M,Gilcélio
M,Gilchrist
M,Gilmarc
M,Gilson
M,Gino
M,Giorgi
M,Giovani
M,Giovanni
M,Giovanny
M,Giovany
M,Giuseppe
M,Gláucio
M,Glauco
M,Gleb
M,Glenn
M,Goa
M,Godfrey
M,Gonçalo
M,Gonzaga
M,Gonzalo
M,Graham
M,Greg
M,Griffin
M,Grigorii
M,Grover
M,Gualter
M,Gui
M,Guido
M,Guilherme
M,Guillaume
M,Guiller
M,Guillermo
M,Guramrit
M,Gurfateh
M,Gurjap
M,Gurjot
M,Gurman
M,Gurnak
M,Gurniwaz
M,Gurnoor
M,Gursaanjh
M,Gursahib
M,Gurshaan
M,Gursharan
M,Gursher
M,Gursimran
M,Gurvanshdeep
M,Gurwinder
M,Gustaf
M,Gustav
M,Gustavo
M,Gusttavo
M,Guto
M,Guy
M,Gyan
M,Haamed
M,Habacuque
M,Hafez
M,Hagen
M,Haiden
M,Haider
M,Haile
M,Hailton
M,Hakeem
M,Hamidou
M,Hamilton
M,Hamza
M,Hamzah
M,Hani
M,Haniel
M,Hanish
M,Hansel
M,Hanza
M,Hao
M,Haojie
M,Hargun
M,Hargunjit
M,Hari
M,Harjot
M,Harkirat
M,Harley
M,Harnoor
M,Harold
M,Haron
M,Haroun
M,Harper
M,Harpreet
M,Harry
M,Harsh
M,Harshil
M,Hasan
M,Hashir
M,Hasmit
M,Hasnain
M,Hassan
M,Hatim
M,Hau
M,Hayden
M,Haydn
M,Hazael
M,Haziel
M,Heaven
M,Héber
M,Hebraim
M,Hector
M,Heer
M,Heiden
M,Heitan
M,Heitor
M,Helão
M,Helber
M,Helbert
M,Helder
M,Hélder
M,Heli
M,Helian
M,Hélio
M,Helione
M,Helmer
M,Helmo
M,Helmyr
M,Helton
M,Heltrício
M,Hemery
M,Hemil
M,Hemilton
M,Hénderson
M,Hendrick
M,Hendrik
M,Hendrix
M,Henil
M,Henrik
M,Henrique
M,Henry
M,Henryk
M,Henzo
M,Hércio
M,Herculano
M,Hércules
M,Herickson
M,Héritier
M,Herlander
M,Herman
M,Hermano
M,Hermenegildo
M,Hermès
M,Hermínio
M,Hermus
M,Hernâni
M,Hêrnani
M,Hernany
M,Hervê
M,Hestin
M,Het
M,Hetwik
M,Heyden
M,Hianique
M,Hídio
M,Higor
M,Hikaru
M,Hilário
M,Hilliam
M,Hilson
M,Hinal
M,Hiroshi
M,Hitarth
M,Hoi
M,Hon
M,Hooman
M,Horácio
M,Horus
M,Hou
M,Hridaan
M,Hriday
M,Hridhaan
M,Hristiyin
M,Hubert
M,Hugo
M,Humberto
M,Hunny
M,Hunter
M,Husam
M,Hussain
M,Hussayn
M,Hussnain
M,Hyadi
M,Iacob
M,Iag
M,Iago
M,Iaia
M,Ian
M,Ianes
M,Ianis
M,Ianys
M,Iaromir
M,Iat
M,Ibaadali
M,Ibenekwume
M,Ibraheem
M,Ibrahim
M,Ibrahima
M,Ibraima
M,Ibrain
M,Ícaro
M,Iderson
M,Idijezi
M,Idriss
M,Idrissa
M,Iego
M,Iek
M,Ifesinachi
M,Ignacio
M,Ignácio
M,Ignaz
M,Igor
M,Igory
M,Ikaro
M,Iker
M,Ilai
M,Ilan
M,Ilário
M,Ildebrando
M,Ildfreed
M,Ildo
M,Ilia
M,Ilian
M,Ilias
M,Ilídio
M,Ilie
M,Illia
M,Ilyan
M,Ilyas
M,Ilyes
M,Imani
M,Imran
M,Inácio
M,Infante
M,Ino
M,Inocêncio
M,Io
M,Ioan
M,Ioane
M,Ioann
M,Ioannis
M,Ioi
M,Ion
M,Ionut
M,Ioshua
M,Iqyan
M,Iran
M,Irineu
M,Iristian
M,Isaac
M,Isaak
M,Isac
M,Isack
M,Isael
M,Isaí
M,Isaías
M,Isak
M,Isandro
M,Isany
M,Isaque
M,Ishaan
M,Ishak
M,Ishan
M,Ishaq
M,Isidro
M,Ismael
M,Ismail
M,Ismar
M,Israar
M,Israel
M,Issa
M,Issoumahilla
M,Iter
M,Itiel
M,Iulian
M,Iunussa
M,Iuri
M,Iúri
M,Ivaan
M,Ivan
M,Ivandro
M,Ivane
M,Ivanildo
M,Ivanilson
M,Ivánn
M,Íven
M,Iverson
M,Ivo
M,Iyad
M,Iyari
M,Izak
M,Jabir
M,Jace
M,Jacinto
M,Jack
M,Jackilson
M,Jackson
M,Jacó
M,Jacob
M,Jacques
M,Jad
M,Jaden
M,Jadiel
M,Jadir
M,Jaelson
M,Jahmeson
M,Jai
M,Jaiden
M,Jailson
M,Jaime
M,Jainil
M,Jair
M,Jairaj
M,Jairo
M,Jairson
M,Jake
M,Jakson
M,Jamal
M,James
M,Jamie
M,Jamil
M,Jamim
M,Jamiro
M,Jan
M,Janai
M,Jandem
M,Janilson
M,Januário
M,Janus
M,Japjeet
M,Japnoor
M,Japtej
M,Jaque
M,Jardel
M,Jarede
M,Jarir
M,Jarod
M,Jasdeep
M,Jaskarn
M,Jasmim
M,Jasnur
M,Jason
M,Jaspinder
M,Jasraj
M,Jassjot
M,Jaume
M,Javier
M,Javokhir
M,Jawad
M,Jaxon
M,Jay
M,Jayden
M,Jayene
M,Jaylson
M,Jaynik
M,Jayr
M,Jayson
M,Jayssan
M,Jazz
M,Jean
M,Jedd
M,Jeet
M,Jeferson
M,Jefferson
M,Jeffrey
M,Jefter
M,Jeison
M,Jekssimil
M,Jelany
M,Jelson
M,Jemy
M,Jenil
M,Jeovane
M,Jerciley
M,Jeremias
M,Jeremie
M,Jeremy
M,Jérémy
M,Jerónimo
M,Jerson
M,Jerykson
M,Jesse
M,Jessé
M,Jessimar
M,Jester
M,Jesualdo
M,Jesus
M,Jesús
M,Jevan
M,Jewilson
M,Jeydan
M,Jeyson
M,Jheidane
M,Jhonatann
M,Jhonathan
M,Ji
M,Jialin
M,Jiaming
M,Jiany
M,Jimmy
M,Jindveer
M,Jinkel
M,Jivreet
M,Jiyaan
M,Jó
M,Joabe
M,Joachim
M,Joan
M,João
M,Joaquim
M,Joaquin
M,Joaquín
M,Joás
M,Joaz
M,Joe
M,Joel
M,Joelson
M,Jofre
M,Johan
M,Johandry
M,Johen
M,John
M,Johnny
M,Johnson
M,Johnston
M,Johny
M,Joio
M,Jolan
M,Joliam
M,Jon
M,Jonah
M,Jonan
M,Jonas
M,Jonata
M,Jonatã
M,Jonatão
M,Jonatas
M,Jónatas
M,Jonatha
M,Jonathan
M,Jonathane
M,Jonathas
M,Jonhas
M,Jóni
M,Jonny
M,Jorcel
M,Jordan
M,Jordano
M,Jordi
M,Jorge
M,Jorgerichie
M,José
M,Joseberto
M,Josefhi
M,Josemar
M,Joseph
M,Josh
M,Joshua
M,Josias
M,Josiel
M,Josimar
M,Josino
M,Joston
M,Josué
M,Joubert
M,Jovani
M,Jovany
M,Joviano
M,Joy
M,Joyalpreet
M,Joywin
M,Juan
M,Jucilino
M,Jude
M,Júdice
M,Juel
M,Juelson
M,Jules
M,Julian
M,Julián
M,Júlian
M,Juliann
M,Juliano
M,Julião
M,Julien
M,Julio
M,Júlio
M,Jun
M,Junaid
M,Junayed
M,Júnio
M,Junior
M,Júnior
M,Junior-Hervé
M,Juno
M,Junxi
M,Junxin
M,Justin
M,Justino
M,Justo
M,Juvenal
M,Jyanio
M,Ka
M,Kabir
M,Kael
M,Kahel
M,Kahil
M,Kahine
M,Kai
M,Kaiden
M,Kaidó
M,Kailan
M,Kailon
M,Kaio
M,Kaique
M,Kaïs
M,Kaiser
M,Kaleb
M,Kalebe
M,Kaleny
M,Kalile
M,Kamil
M,Kane
M,Kanish
M,kanye
M,Karamjot
M,Karan
M,Karanphich
M,Kareem
M,Karlo
M,Karsten
M,Kartavya
M,Kaspar
M,Kauã
M,Kauai
M,Kauan
M,Kaven
M,Kawame
M,Kawaren
M,Kay
M,Kayck
M,Kaydan
M,Kayden
M,Kaydon
M,Kayene
M,Kayke
M,Kayle
M,Kaylen
M,Kayo
M,Kayron
M,Kayser
M,Kayson
M,Kayu
M,Kayvan
M,Kazuki
M,Keanu
M,Keany
M,Keicy
M,Keid
M,Keidan
M,Keison
M,Keiyan
M,Kejan
M,Kelby
M,Kelcio
M,Kelian
M,Kellen
M,Kellvin
M,Kellyson
M,Kelson
M,Kelton
M,kelton
M,Kelve
M,Kelvim
M,Kelvin
M,kelvin
M,Kelvio
M,Kelvy
M,Kelvyn
M,Kélyan
M,Kemer
M,Ken
M,Kenay
M,Kenderson
M,Kendji
M,Kendjy
M,Kendrick
M,Kendro
M,Kendy
M,Kendzo
M,Kener
M,Kenesh
M,Keng
M,Kenik
M,Kennedy
M,Kenneth
M,Kenny
M,Kenshin
M,Kenye
M,Kenzi
M,Kenzo
M,Kenzy
M,Kérian
M,Késmen
M,Keval
M,Kevan
M,Kévan
M,Kevem
M,Keven
M,Kevil
M,Kevim
M,Kévim
M,kévim
M,Kevin
M,kevin
M,Kévin
M,Kevindeep
M,Kevyn
M,Keyan
M,Keyden
M,Keyllen
M,Keylor
M,Keyson
M,Keyur
M,Keyush
M,Khadime
M,Khael
M,Khaleed
M,Khaleefah
M,Khalid
M,Khalifa
M,Khauã
M,Khélio
M,Khristopher
M,Khristyan
M,Kiame
M,Kiamy
M,Kian
M,Kiane
M,Kiany
M,Kiare
M,Kiari
M,Kiaro
M,Kiary
M,Kiell
M,Kienda
M,Kiesse
M,Kiezi
M,Kifáni
M,Kiko
M,Kilian
M,Kiluange
M,Kimany
M,Kimon
M,Kinan
M,Kion
M,Kirian
M,Kiril
M,Kirill
M,Kirtan
M,Kissamá
M,Kiven
M,Kiyaan
M,Kiyan
M,Kizua
M,Klaus
M,Kleber
M,Kléber
M,Kledilson
M,Kleiton
M,Kleydilson
M,Kleydy
M,Kleyton
M,Klinsmann
M,Klismman
M,Kobe
M,Konstantin
M,Kostyantyn
M,Kripal
M,Kris
M,Krish
M,Krishang
M,Krishiv
M,Kristen
M,Kristian
M,Kristis
M,Kristopher
M,Kritan
M,Kunal
M,Kunchok
M,Kush
M,Kwame
M,Kweli
M,Kwenda
M,Kyami
M,Kyan
M,Kyandro
M,Kyari
M,Kydyane
M,Kylain
M,Kylar
M,Kyle
M,Kylian
M,Kyllen
M,Kymani
M,Kyrian
M,Lael
M,Laércio
M,Laerson
M,Lain-Antonio
M,Lamarana
M,Lander
M,Lap
M,Lapo
M,Larik
M,Lassana
M,Laudinei
M,Laurenço
M,Laurent
M,Laurentino
M,Laurentiu
M,Laurindo
M,Lauro
M,Lawrence
M,Layron
M,Lázaro
M,Lazarus
M,Leando
M,Léandre
M,Leandro
M,Léandro
M,Lebron
M,Léccio
M,Lechen
M,Lécio
M,Ledilson
M,Ledinilson
M,Lee
M,Lého
M,Leidson
M,Lemuel
M,Len
M,Lenilson
M,Lenin
M,Lenine
M,Lénio
M,Lenny
M,Leny
M,Leo
M,Léo
M,Leodvaldo
M,Leon
M,Léon
M,Leonard
M,Léonard
M,Leonardo
M,Leonel
M,Leonid
M,Leónidas
M,Leonídio
M,Leonildo
M,Leontie
M,Léontino
M,Léo-Paul
M,Leopold
M,Leopoldo
M,Lesane
M,Lésio
M,Letian
M,Lev
M,Levi
M,Leví
M,Levine
M,Levy
M,Lewis
M,Leydilson
M,Lhyam
M,Lia
M,Liam
M,Lian
M,Liandro
M,Liano
M,Libânio
M,Liberato
M,Licínio
M,Lídio
M,Liedson
M,Lielson
M,Lijoy
M,Lil
M,Lincoln
M,Lino
M,Lionel
M,Liri
M,Lisandro
M,Lisandru
M,Lissandro
M,Lisuarte
M,Litana
M,Lívio
M,Liviu
M,Liwilson
M,Lizandro
M,Loan
M,Lobo
M,Logan
M,Lohan
M,Loïc
M,Lok
M,Lopo
M,Lorenz
M,Lorenzo
M,Lorenzó
M,Lorenzzo
M,Lorien
M,Louan
M,Louca
M,Loucas
M,Louis
M,Lourenço
M,Lourenzo
M,Lovish
M,Luaan
M,Luai
M,Luan
M,Lúan
M,Luath
M,Luati
M,Luaty
M,Luca
M,Lucah
M,Lucas
M,Lucca
M,Luccas
M,Lucian
M,Lucianno
M,Luciano
M,Luciel
M,Lucien
M,Lucio
M,Lúcio
M,Luckas
M,Ludgero
M,Ludovico
M,Lui
M,Luigi
M,Luis
M,Luís
M,Luisandro
M,Luiz
M,Luizandro
M,Luizinho
M,Luka
M,Lukas
M,Lukás
M,Luke
M,Lukeni
M,Lukenny
M,Lukeny
M,Lukian
M,Luqman
M,Lussemo
M,Lutiero
M,Luviano
M,Lwane
M,Lwazi
M,Lyam
M,Lyan
M,Lyandro
M,Lyann
M,Lyon
M,Lyrics
M,Lyssandro
M,Lyubomyr
M,Maahin
M,Maaz
M,Macar
M,Macbeth
M,Maceo
M,Maciel
M,Madani
M,Maddox
M,Madjer
M,Mads
M,Madu
M,Mael
M,Maërik
M,Maezie
M,Magno
M,Magnuson
M,Mago
M,Mahad
M,Mahamadou
M,Mahamat
M,Maher
M,Mahib
M,Mahir
M,Mahomed
M,Maicon
M,Maike
M,Mair
M,Mairon
M,Maison
M,Majd
M,Makar
M,Makaylo
M,Maksim
M,Maksym
M,Malachi
M,Malam
M,Malaquias
M,Malav
M,Malcolm
M,Malcom
M,Maldine
M,Malick
M,Malik
M,Malvin
M,Mamadou
M,Mamadu
M,Mamadú
M,Mamede
M,Mamudu
M,Man
M,Manan
M,Manasseh
M,Manassés
M,Manav
M,Manel
M,Máni
M,Manish
M,Manjot
M,Mann
M,Mannoor
M,Manoel
M,Manraj
M,Manshit
M,Manteg
M,Mantejpreet
M,Manthan
M,Manu
M,Manuel
M,Manveer
M,Marbin
M,Marc
M,Marcel
M,Márcel
M,Marcelino
M,Marcello
M,Marcelo
M,Marcéu
M,Marcílio
M,Marcio
M,Márcio
M,Marco
M,Marcos
M,Marcus
M,Marian
M,Mariano
M,Marino
M,Mario
M,Mário
M,Marius
M,Mariusz
M,Mark
M,Markel
M,Markiyan
M,Marko
M,Markus
M,Marley
M,Marlon
M,Marlos
M,Marlyn
M,Marouane
M,Marques
M,Marsel
M,Marthin
M,Marthyn
M,Martí
M,Martiano
M,Martim
M,Martim-Yanni
M,Martin
M,Martín
M,Mártin
M,Martinho
M,Martino
M,Martiño
M,Martins
M,Martyn
M,Maruti
M,Marvin
M,Márvin
M,Marvyn
M,Marwane
M,Mason
M,Masroor
M,Mateen
M,Matei
M,Mateo
M,Matéo
M,Mateus
M,Matheo
M,Mathéo
M,Matheus
M,Mathias
M,Mathieu
M,Mathis
M,Mathys
M,Matias
M,Matías
M,Matibino
M,Mátio
M,Matisse
M,Matísse
M,Matteo
M,Mattéo
M,Mattheo
M,Matthew
M,Matthias
M,Matti
M,Mattia
M,Mattias
M,Mattis
M,Matusalém
M,Matvei
M,Matvey
M,Matvii
M,Matviy
M,Matz
M,Mauri
M,Mauricio
M,Maurício
M,Maurílio
M,Mauro
M,Maurycy
M,Mavi
M,Mawete
M,Max
M,Maxim
M,Maxime
M,Maximiano
M,Maximilen
M,Maximilian
M,Maximiliano
M,Máximo
M,Maximus
M,Maxuwell
M,Maxwell
M,Mayank
M,Maycon
M,Maylen
M,Maylon
M,Maylson
M,Mayronne
M,Mayson
M,McKenzie
M,Medhansh
M,Me-Diné
M,Meer
M,Meet
M,Megh
M,Mehaan
M,Mehdi
M,Mel
M,Melqui
M,Melquisedec
M,Melquizedeque
M,Melvin
M,Mélvin
M,Mendo
M,Meng
M,Meregaly
M,Meryk
M,Mesaque
M,Messias
M,Meyson
M,Mezut
M,M'Hammed
M,Micael
M,Micaelsun
M,Micah
M,Micaias
M,Michael
M,Michaiah
M,Michal
M,Michel
M,Michelangelo
M,Michell
M,Michelson
M,Mickael
M,Mickaël
M,Miguel
M,MIGUEL
M,Miguelangelo
M,Mihai
M,Mihail
M,Mihir
M,Mikael
M,Mikaele
M,Mike
M,Mikel
M,Mikha'
M,Mikhael
M,Mikhail
M,Mikheil
M,Mikul
M,Milade
M,Milan
M,Mílton
M,Mindo
M,Miqueias
M,Miran
M,Miré
M,Miroslav
M,Misael
M,Misaki
M,Mivaan
M,Mizael
M,M'ma
M,Moayé
M,Modrich
M,Mogli
M,Mohamad
M,Mohamade
M,Mohamadu
M,Mohamadú
M,Mohamed
M,Mohammad
M,Mohammadou
M,Mohammed
M,Mohkamdeep
M,Moises
M,Moisés
M,Monik
M,Montgomery
M,Monther
M,Moosa
M,Mor
M,Morgan
M,Moróni
M,Morôni
M,Moses
M,Mouctar
M,Mouhamadou
M,Mouhamed
M,Muamadu
M,Muamed
M,Mubasshir
M,Mueti
M,Mufaddal
M,Muhamad
M,Muhamed
M,Muhammad
M,Muhibur
M,Muif
M,Mujtaba
M,Mulai
M,Murilo
M,Murtaza
M,Mussa
M,Mussá
M,Mustafa
M,Mustafá
M,Mutaro
M,Muzammil
M,Mychel
M,Mykael
M,Mykail
M,Mykhael
M,Mykhail
M,Mykhailo
M,Mykyta
M,Mylan
M,Myron
M,Myven
M,Nabil
M,Naby
M,Nadir
M,Naeem
M,Nael
M,Naer
M,Naftali
M,Najihullah
M,Naksh
M,Naman
M,Nándor
M,Nani
M,Narcélio
M,Narcizio
M,Naril
M,Narsil
M,Nash
M,Nasser
M,Natan
M,Natanael
M,Nataniel
M,Nathan
M,Nathanael
M,Nathaniel
M,Nathanyel
M,Naulan
M,Navid
M,Navroop
M,Nawaz
M,Nayan
M,Nazar
M,Nazário
M,Nazariy
M,Nazir
M,Neal
M,Nectarie
M,Nedilson
M,Neel
M,Neemias
M,Neer
M,Neev
M,Neeydson
M,Nehan
M,Neidilson
M,Neil
M,Neivaldo
M,Nélio
M,Nelo
M,Nelson
M,Nélson
M,Nelvin
M,Nemésio
M,Nercio
M,Nerik
M,Nevaan
M,Nevan
M,Nevin
M,Neymar
M,Nezzar
M,Niansh
M,Niccolo
M,Nichita
M,Nicholas
M,Nick
M,Nickelson
M,Nico
M,Nicodemo
M,Nicodemos
M,Nicol
M,Nicola
M,Nicolae
M,Nicolas
M,Nicolás
M,Nícolas
M,Nicolau
M,Nicolay
M,Nicollas
M,Nícollas
M,Nidhaan
M,Nidhish
M,Nídio
M,Nihal
M,Nik
M,Nikita
M,Nikitas
M,Niklas
M,Nik-Nikita
M,Nikolai
M,Nikolaj
M,Nikolas
M,Nikolay
M,Nikoloz
M,Nil
M,Nilan
M,Nildo
M,Nilo
M,Niloy
M,Nilroib
M,Nilson
M,Nilton
M,Nino
M,Niraj
M,Nirmay
M,Nishan
M,Nísio
M,Nitai
M,Niv
M,Nivaan
M,Nivaldo
M,Nizar
M,Noa
M,Noah
M,Noãh
M,Noe
M,Noé
M,Noel
M,Nolan
M,Noormohammed
M,Norberto
M,Ntimashi
M,Nuelson
M,Numà
M,Nuno
M,Nuri
M,Nuriel
M,Obiajulu
M,Oceano
M,Octavian
M,Octávio
M,Odin
M,Ódin
M,Odissei
M,Oesley
M,Ofelio
M,Oier
M,Olávio
M,Olavo
M,Oleksandr
M,Oleksii
M,Olímpio
M,Oliver
M,Óliver
M,Olivier
M,Oliwier
M,Olsen
M,Oluali
M,Om
M,Omar
M,Omari
M,Omarson
M,Omboma
M,Omer
M,Onassis
M,Onni
M,Onofre
M,Orest
M,Orestis
M,Oriel
M,Orin
M,Orion
M,Orlando
M,Oscar
M,Oscár
M,Óscar
M,Oseias
M,Oséias
M,Osiris
M,Oskar
M,Osman
M,Osmar
M,Osni
M,Osvaldo
M,Otavio
M,Otávio
M,Otchali
M,Otiano
M,Otilú
M,Otniel
M,Otto
M,Oualid
M,Oumar
M,Oussama
M,Owen
M,Oziel
M,Ozodbek
M,Pablo
M,Paco
M,Pagbe
M,Pak
M,Panav
M,Paneet
M,Pantaleão
M,Panth
M,Paolo
M,Papa
M,Papa-Ndiogou
M,Pape
M,Papís
M,Páris
M,Parmeet
M,Parth
M,Pascoal
M,Patrício
M,Patrick
M,Patrik
M,Patrizio
M,Paul
M,Paul-Alexandre
M,Paulo
M,Pavel
M,Pável
M,Pavlo
M,Pawan
M,Pedro
M,Pepe
M,Péri
M,Petelson
M,Peter
M,Peterson
M,Petr
M,Petro
M,Philipe
M,Philipp
M,Philippe
M,Phillip
M,Piero
M,Pierre
M,Pietro
M,Piyush
M,Platini
M,Platon
M,Plínio
M,Pok
M,Policarpo
M,Prabhbir
M,Prabhjot
M,Prakrit
M,Pranav
M,Pranay
M,Pranik
M,Pranil
M,Pranish
M,Prashanna
M,Prastav
M,Pratig
M,Pratik
M,Pratius
M,Preet
M,Prem
M,Premal
M,Presig
M,Prian
M,Prince
M,Princeton
M,Prinsh
M,Prish
M,Pritam
M,Priyank
M,Prudêncio
M,Puranjay
M,Purav
M,Pyetro
M,Qasim
M,Qiaoyi
M,Quentin
M,Quesana
M,Quévin
M,Quim
M,Quin
M,Quintino
M,Rachid
M,Rachido
M,Radomir
M,Radu
M,Raf
M,Rafa
M,Rafael
M,Rafaël
M,Rafael-Constantin
M,Rafaello
M,Rafaelo
M,Rafay
M,Raffaello
M,Rafhael
M,Rafique
M,Raheel
M,Rahid
M,Rahim
M,Rai
M,Raimundo
M,Rainer
M,Raiyan
M,Raj
M,Rajbir
M,Rajvansh
M,Rajvir
M,Rakib
M,Ralph
M,Ramires
M,Ramiro
M,Ramon
M,Ramón
M,Ramsés
M,Ramzy
M,Randeep
M,Ranveer
M,Raphael
M,Raphaël
M,Raphäel
M,Raphaël-Louis
M,Rares
M,Rassan
M,Raul
M,Raúl
M,Raven
M,Ravi
M,Raví
M,Ravidson
M,Rayan
M,Rayane
M,Rayhan
M,Rayirth
M,Raylan
M,Raylson
M,Raymond
M,Rayyan
M,Razvan
M,Râzvan
M,Reece
M,Reeve
M,Regan
M,Reginaldo
M,Rehan
M,Reinaldo
M,Reinamor
M,Remi
M,Remus
M,Renan
M,Renato
M,René
M,Renzo
M,Reuben
M,Reuel
M,Reury
M,Reyan
M,Reyes
M,Rhuan
M,Rhyan
M,Riaan
M,Rian
M,Riby
M,Ricardo
M,Riccardo
M,Richad
M,Richard
M,Rick
M,Rickson
M,Ricky
M,Ridham
M,Rikelme
M,Rikesh
M,Riley
M,Ringo
M,Rio
M,Rion
M,Riquelme
M,Riquelmo
M,Rishabh
M,Ritalino
M,Ritvik
M,Rivaldo
M,Rivan
M,River
M,Riyaad
M,Riyad
M,Riyan
M,Roan
M,Robert
M,Roberto
M,Robin
M,Rocco
M,Rodan
M,Rodney
M,Rodolfo
M,Rodrigo
M,Roger
M,Rogério
M,Rohan
M,Roi
M,Rojer
M,Rolland
M,Romain
M,Romaldo
M,Roman
M,Romão
M,Romario
M,Romário
M,Romeo
M,Roméo
M,Romérick
M,Romerio
M,Romesh
M,Romeu
M,Rómulo
M,Rômulo
M,Ronak
M,Ronaldo
M,Ronalld
M,Ronan
M,Ronelka
M,Ronilson
M,Ronit
M,Rony
M,Rooney
M,Roque
M,Rosh
M,Rosil
M,Rossano
M,Roux
M,Rovy
M,Rowan
M,Ruan
M,Rubem
M,Ruben
M,Rubén
M,Rúben
M,Rubi
M,Rubim
M,Rúbio
M,Rubis
M,Ruby
M,Rudi
M,Rúdi
M,Rüdiger
M,Rudra
M,Rudson
M,Rudy
M,Rui
M,Ruidney
M,Rumi
M,Runi
M,Ruslan
M,Russel
M,Russell
M,Ruthnney
M,Ruy
M,Ryaan
M,Ryan
M,Ryano
M,Rylan
M,Rynaldo
M,Saad
M,Sabik
M,Sabino
M,Sacha
M,Sadja
M,Sadman
M,Sadou
M,Safwaan
M,Safwan
M,Safwana
M,Sage
M,Sahib
M,Sahibjeet
M,Sahibjit
M,Sahibpreet
M,Saido
M,Saidou
M,Saidy
M,Saifan
M,Saimon
M,Saish
M,Sajid
M,Sales
M,Sáli
M,Salimo
M,Salomão
M,Salvador
M,SALVADOR
M,Salvatore
M,Salviano
M,Salvio
M,Sálvio
M,Sam
M,Samael
M,Samar
M,Samaritano
M,Samba
M,Sambridha
M,Sameed
M,Sameep
M,Sameer
M,Sami
M,Samik
M,Samir
M,Samoa
M,Samori
M,Samson
M,Samuel
M,Sanay
M,Sancho
M,Sândalo
M,Sandeha
M,Sandro
M,Sannan
M,Sansão
M,Santhiago
M,Santiago
M,Santigo
M,Santo
M,Santyago
M,Sarangvir
M,Saransh
M,Sarbin
M,Sari
M,Saron
M,Sasha
M,Satyam
M,Saúl
M,Saulo
M,Saurav
M,Savio
M,Sayden
M,Sayeed
M,Saymon
M,Scott
M,Sean
M,Seán
M,Sebasthian
M,Sebastian
M,Sebastián
M,Sebastiana
M,Sebastiano
M,Sebastião
M,Sebastien
M,Seco
M,Secundino
M,Selton
M,Semen
M,Senelju
M,Seng
M,Senny
M,Serafim
M,Sérgio
M,Sergiu
M,Serhiy
M,Serigne
M,Sesinando
M,Seth
M,Severo
M,Seydina
M,Shabbir
M,Shafayat
M,Shahan
M,Shamilo
M,Shams
M,Shamyog
M,Shan
M,Shane
M,Shawn
M,Shawnik
M,Shesh
M,Shivakrish
M,Shivam
M,Shlok
M,Shodmonjon
M,Shohrat
M,Shrey
M,Shreyan
M,Shriyan
M,Shrutik
M,Shubern
M,Shuiang
M,Shuraym
M,Shyam
M,Shyom
M,Si
M,Siandro
M,Sidak
M,Siddártha
M,Siddh
M,Siddhártha
M,Sidnei
M,Sidney
M,Sidónio
M,Silan
M,Silas
M,Silvestre
M,Silvio
M,Sílvio
M,Simão
M,Simon
M,Sin
M,Sinaí
M,Siradio
M,Siradj
M,Siraje
M,Sisley
M,Sithil
M,Sixto
M,Sky
M,Skyler
M,Skyllen
M,Slane
M,Slayen
M,Slaygan
M,Smaran
M,Smit
M,Sneijder
M,Soki
M,Solano
M,Solimar
M,Son
M,Songxian
M,Sónia
M,Soraia
M,Sotero
M,Soufiane
M,Souleymane
M,Spencer
M,Stallone
M,Stanislav
M,Stanley
M,Stefan
M,Stefano
M,Stelvio
M,Stepan
M,Stepfan
M,Stephan
M,Stéphane
M,Stephanus
M,Stevan
M,Stevany
M,Steve
M,Steven
M,Steviandro
M,Steyn
M,Sthefan
M,Subhaan
M,Sudev
M,Sukhdeep
M,Sukhmeet
M,Sulaiman
M,Sulaimane
M,Suleimane
M,Sulemane
M,Sultan
M,Summer
M,Sun
M,Surmukh
M,Sury
M,Sven
M,Svetlin
M,Swami
M,Swayam
M,Swornim
M,Syed
M,Syerr
M,Sylas
M,Sylvain
M,Syon
M,Syrus
M,Taaj
M,Tadeu
M,Tadey
M,Tahiman
M,Tahir
M,Taison
M,Tajas
M,Takayoshi
M,Taksheel
M,Tales
M,Talha
M,Talib
M,Tallys
M,Tamas
M,Tamás
M,Tammo
M,Tamsir
M,Tanish
M,Tapan
M,Taras
M,Tarciso
M,Tareak
M,Tarik
M,Társis
M,Tatiano
M,Taydon
M,Taylor
M,Tayrone
M,Tayson
M,Taysson
M,Tayyab
M,Tchaly
M,Tcherno
M,Tcherstney
M,Tej
M,Tejasvir
M,Telmo
M,Temitayo
M,Temofiy
M,Teng
M,Tenging
M,Teo
M,Téo
M,Teodor
M,Teodoro
M,Teófilo
M,Teotónio
M,Tércio
M,Terry
M,Thalis
M,Thalles
M,Thelmo
M,Theo
M,Théo
M,Theodore
M,Theodoro
M,Thiago
M,Thiarley
M,Thierno
M,Thierry
M,Thomas
M,Thomás
M,Thomaz
M,Thomáz
M,Thor
M,Tiago
M,Tianyu
M,Tibério
M,Ticiano
M,Tiego
M,Tierri
M,Tierry
M,Tilan
M,Tilson
M,Timeo
M,Timéo
M,Timofei
M,Timotei
M,Timóteo
M,Timothée
M,Timur
M,Tino
M,Tito
M,Tobi
M,Tobias
M,Todor
M,Tom
M,Tomas
M,Tomás
M,Tómas
M,Tomasz
M,Tomaz
M,Tomáz
M,Tome
M,Tomé
M,TOMÉ
M,Tommaso
M,Tommy
M,Tongze
M,Toni
M,Tony
M,Tranay
M,Travis
M,Trevor
M,Tristan
M,Tristão
M,Triston
M,Trunal
M,Tse
M,Tsvetelin
M,Tudor
M,Túlio
M,Tushaar
M,Tyanne
M,Tyler
M,Tymofiy
M,Tymon
M,Tyrell
M,Tyrese
M,Tyron
M,Ugurcan
M,Uié
M,Uju
M,Ulisses
M,Umang
M,Umaro
M,Umaru
M,Unai
M,Urias
M,Uriel
M,Uriil
M,Usaid
M,Usman
M,Usmane
M,Ustym
M,Ut
M,Uxío
M,Uziel
M,Vadhvansh
M,Vadilson
M,Vaid
M,Valanko
M,Valdemar
M,Valdemir
M,Valdemiro
M,Valdir
M,Valdo
M,Valentim
M,Valentin
M,Valentino
M,Valentyn
M,Valério
M,Valimuhammad
M,Valter
M,Válter
M,Vando
M,Vanilson
M,Vânio
M,Vansh
M,Vanshdeep
M,Varun
M,Vasco
M,Vasil
M,Vasile
M,Vasyl
M,Vayden
M,Veaceslav
M,Ved
M,Vedant
M,Veer
M,Veid
M,Velasque
M,Venancio
M,Veniamin
M,Vensami
M,Ventsislav
M,Ventura
M,Veridiano
M,Viaan
M,Vicente
M,Victor
M,Víctor
M,Victória
M,Victoriano
M,Vidal
M,Vien
M,Vihaan
M,Vikram
M,Viktor
M,Víktor
M,Vilen
M,Vili
M,Vílmar
M,Vincent
M,Vincente
M,Vincenzo
M,Vinicius
M,Vinícius
M,Vinildo
M,Vipesh
M,Viren
M,Virgile
M,Virgílio
M,Virgínio
M,Viriato
M,Vishwas
M,Vitalie
M,Vitalino
M,Vitaliy
M,Vitas
M,Vitor
M,Vítor
M,vítor
M,Vitorino
M,Vitório
M,Vittorio
M,Vivan
M,Vivian
M,Vlad
M,Vladeslav
M,Vladimir
M,Vladislav
M,Vladut
M,Vladymyr
M,Vladyslav
M,Vuk
M,Wade
M,Wagner
M,Wai
M,Waider
M,Waldemar
M,Walden
M,Waldir
M,Walide
M,Walker
M,Wallace
M,Wallak's
M,Walner
M,Walter
M,Wandy
M,Warren
M,Wasilua
M,Wasley
M,Wayamy
M,Wayiza
M,Wayne
M,Wazley
M,Webany
M,Wekene
M,Welder
M,Wellington
M,Wellinton
M,Wendell
M,Weng
M,Wesley
M,Weslley
M,Widmilson
M,Wil
M,Wildson
M,Wildy
M,Wilfred
M,Wilker
M,Willean
M,Willem
M,Willi
M,William
M,Willian
M,Williandro
M,Willson
M,Willyam
M,Willyan
M,Wilmer
M,Wilon
M,Wilquer
M,Wilson
M,Wilton
M,Wincenty
M,Witsel
M,Wivendelson
M,Wochay
M,Wolf
M,Womna
M,Wyatt
M,Wylliam
M,Wylson
M,Wyter
M,Xavier
M,Xénon
M,Xin
M,Xoel
M,Xujie
M,Yaarnel
M,Yachan
M,Yacine
M,Yago
M,Yahir
M,Yahya
M,Yair
M,Yaksh
M,Yala
M,Yamani
M,Yamir
M,Yan
M,Yancho
M,Yani
M,Yanick
M,Yanis
M,Yann
M,Yanne
M,Yanni
M,Yannick
M,Yannik
M,Yannis
M,Yansh
M,Yarin
M,Yaroslav
M,Yash
M,Yashvir
M,Yasser
M,Yassin
M,Yassine
M,Yassir
M,Yax
M,Yaxkin
M,Ycaro
M,Yehoshua
M,Yelizar
M,Yerai
M,Yerian
M,Yerik
M,Ygor
M,Yide
M,Ylenzo
M,Yoami
M,Yoan
M,Yoann
M,Yogyadeep
M,Yohan
M,Yohane
M,Yóhane
M,Yohann
M,Yohrán
M,Yomar
M,Yosha
M,Younes
M,Yousef
M,Yousouf
M,Youssef
M,Yousuf
M,Yowami
M,Ysaack
M,Yu
M,Yudi
M,Yueran
M,Yug
M,Yulian
M,Yuliano
M,Yuran
M,Yuri
M,YURI
M,Yuri-Martin
M,Yury
M,Yussuf
M,Yusuf
M,Yuvaan
M,Yuval
M,Yuvraj
M,Yuxuan
M,Yvan
M,Yves
M,Zac
M,Zacaria
M,Zacarias
M,Zachariah
M,Zacharias
M,Zachary
M,Zaci
M,Zackary
M,Zackery
M,Zacky
M,Zafir
M,Zaheer
M,Zahir
M,Zaid
M,Zaiden
M,Zaido
M,Zain
M,Zainy
M,Zakaria
M,Zakariya
M,Zameel
M,Zander
M,Zaqueu
M,Zaroon
M,Zawadi
M,Zayid
M,Zayn
M,Zé
M,Zech
M,Zecharias
M,Zeferino
M,Zeid
M,Zein
M,Zeke
M,Zelani
M,Zélio
M,Zenir
M,Zenith
M,Zeus
M,Zhibo
M,Zhion
M,Zidane
M,Zine
M,Zion
M,Zito
M,Zixin
M,Ziyaan
M,Ziyad
M,Ziyan
M,Zoé
M,Zubair
M,Zurik
M,Zyad
M,Zyan
M,Zylan
M,Zyon
